Workbook

Sheet Tổng quan
A1: ANGI – Từ điển dữ liệu (Data Dictionary)
A4: STT | B4: Schema | C4: Tên bảng | D4: Mô tả bảng | E4: Số trường
A5: 1 | B5: core | C5: roles | D5: Danh mục role: Traveler, Restaurant Owner, Mod, Admin | E5: =COUNTIF(Core!$A:$A,C5) -> 3
A6: 2 | B6: core | C6: users | D6: Tài khoản người dùng (mỗi tài khoản 1 role) | E6: =COUNTIF(Core!$A:$A,C6) -> 15
A7: 3 | B7: core | C7: permissions | D7: Danh mục quyền chi tiết | E7: =COUNTIF(Core!$A:$A,C7) -> 3
A8: 4 | B8: core | C8: role_permissions | D8: Quyền mặc định của từng role | E8: =COUNTIF(Core!$A:$A,C8) -> 2
A9: 5 | B9: core | C9: user_permissions | D9: Ghi đè quyền cho từng user (Admin quản lý quyền của Mod) | E9: =COUNTIF(Core!$A:$A,C9) -> 5
A10: 6 | B10: core | C10: user_external_logins | D10: Liên kết đăng nhập Google | E10: =COUNTIF(Core!$A:$A,C10) -> 5
A11: 7 | B11: core | C11: user_tokens | D11: Token xác minh email và reset mật khẩu | E11: =COUNTIF(Core!$A:$A,C11) -> 7
A12: 8 | B12: core | C12: user_sessions | D12: Phiên đăng nhập / refresh token | E12: =COUNTIF(Core!$A:$A,C12) -> 8
A13: 9 | B13: core | C13: media_files | D13: File upload dùng chung (ảnh, giấy tờ) | E13: =COUNTIF(Core!$A:$A,C13) -> 7
A14: 10 | B14: core | C14: restaurants | D14: Nhà hàng (mỗi Owner 1 nhà hàng) | E14: =COUNTIF(Core!$A:$A,C14) -> 24
A15: 11 | B15: core | C15: restaurant_images | D15: Ảnh của nhà hàng | E15: =COUNTIF(Core!$A:$A,C15) -> 3
A16: 12 | B16: core | C16: restaurant_business_hours | D16: Giờ mở cửa theo ngày, nhiều ca/ngày | E16: =COUNTIF(Core!$A:$A,C16) -> 5
... A42: 38 | B42: core | C42: outbox_messages | D42: Transactional outbox đồng bộ core sang recommendation | E42: =COUNTIF(Core!$A:$A,C42) -> 12
A43: 39 | B43: recommendation | C43: algorithm_configs | D43: Cấu hình thuật toán có phiên bản | E43: =COUNTIF(Recommendation!$A:$A,C43) -> 5
A44: 40 | B44: recommendation | C44: survey_option_vectors | D44: Quy lựa chọn khảo sát thành vector 12 chiều | E44: =COUNTIF(Recommendation!$A:$A,C44) -> 4
A45: 41 | B45: recommendation | C45: dish_vectors | D45: Vector 12 chiều của món do AI sinh | E45: =COUNTIF(Recommendation!$A:$A,C45) -> 15
A46: 42 | B46: recommendation | C46: user_preference_vectors | D46: Vector user và bộ đếm m, N_total | E46: =COUNTIF(Recommendation!$A:$A,C46) -> 10
A47: 43 | B47: recommendation | C47: user_dish_scores | D47: Implicit S, n, N_i theo cặp user-món | E47: =COUNTIF(Recommendation!$A:$A,C47) -> 8
A48: 44 | B48: recommendation | C48: dish_stats | D48: Like/dislike cộng đồng cho Wilson | E48: =COUNTIF(Recommendation!$A:$A,C48) -> 4
A49: 45 | B49: recommendation | C49: interaction_events | D49: Log like/dislike append-only (nguồn sự thật) | E49: =COUNTIF(Recommendation!$A:$A,C49) -> 10
A50: 46 | B50: recommendation | C50: recommendation_logs | D50: Mỗi lần gọi /recommendations | E50: =COUNTIF(Recommendation!$A:$A,C50) -> 11
A51: 47 | B51: recommendation | C51: recommendation_items | D51: Điểm từng tầng của từng món trong một lần gợi ý | E51: =COUNTIF(Recommendation!$A:$A,C51) -> 14
C53: Tổng số trường | E53: =SUM(E5:E51) -> 380
C54: Số bảng core | E54: =COUNTIF(B5:B51,"core") -> 38
C55: Số bảng recommendation | E55: =COUNTIF(B5:B51,"recommendation") -> 9
A57: Thay đổi Ver1.1 (04/10/2026)

Sheet Core
A1: Tên bảng | B1: Tên trường | C1: Kiểu dữ liệu | D1: Not null / Nullable | E1: Mô tả trường | F1: Khóa | G1: Mặc định
A2: roles — Danh mục role: Traveler, Restaurant Owner, Mod, Admin
A3: roles | B3: id | C3: smallint | D3: NOT NULL | E3: Khóa chính role | F3: PK
A4: roles | B4: code | C4: character varying(30) | D4: NOT NULL | E4: TRAVELER, RESTAURANT_OWNER, MOD, ADMIN | F4: UK
A5: roles | B5: name | C5: character varying(100) | D5: NOT NULL | E5: Tên hiển thị của role
A6: users — Tài khoản người dùng (mỗi tài khoản 1 role)
A7: users | B7: id | C7: integer | D7: NOT NULL | E7: Khóa chính người dùng; cũng là user_id bên recommendation | F7: PK
A8: users | B8: email | C8: citext | D8: NOT NULL | E8: Email đăng nhập, không phân biệt hoa thường; duy nhất trong các tài khoản chưa xóa | F8: UK (deleted_at IS NULL)
A9: users | B9: role_id | C9: smallint | D9: NOT NULL | E9: Role duy nhất của tài khoản (Traveler, Restaurant Owner, Mod, Admin) | F9: FK → roles
A10: users | B10: password_hash | C10: text | D10: NULL | E10: NULL nếu chỉ đăng nhập Google
A11: users | B11: display_name | C11: character varying(100) | D11: NOT NULL | E11: Tên hiển thị
A12: users | B12: avatar_media_id | C12: bigint | D12: NULL | E12: Ảnh đại diện (media_files, purpose = avatar); NULL = chưa có ảnh | F12: FK → media_files
A13: users | B13: phone | C13: character varying(20) | D13: NULL | E13: Số điện thoại
A14: users | B14: bio | C14: character varying(500) | D14: NULL | E14: Giới thiệu ngắn
A15: users | B15: email_verified_at | C15: timestamp with time zone | D15: NULL | E15: Thời điểm xác minh email; NULL = chưa xác minh
A16: users | B16: status | C16: character varying(20) | D16: NOT NULL | E16: Trạng thái tài khoản: pending_verification, active, suspended, banned, deactivated | G16: "pending_verification"
A17: users | B17: suspended_until | C17: timestamp with time zone | D17: NULL | E17: Chỉ dùng khi status = 'suspended'
A18: users | B18: last_login_at | C18: timestamp with time zone | D18: NULL | E18: Lần đăng nhập gần nhất
A19: users | B19: created_at | C19: timestamp with time zone | D19: NOT NULL | E19: Thời điểm tạo | G19: now()
A20: users | B20: updated_at | C20: timestamp with time zone | D20: NOT NULL | E20: Thời điểm cập nhật gần nhất | G20: now()
A21: users | B21: deleted_at | C21: timestamp with time zone | D21: NULL | E21: Thời điểm xóa mềm; NULL = chưa xóa
A22: permissions — Danh mục quyền chi tiết
A23: permissions | B23: id | C23: smallint | D23: NOT NULL | E23: Khóa chính quyền | F23: PK
A24: permissions | B24: code | C24: character varying(60) | D24: NOT NULL | E24: Vd: USER_BAN, RESTAURANT_VERIFY, MENU_APPROVE, BLOG_MODERATE | F24: UK
A25: permissions | B25: description | C25: character varying(255) | D25: NULL | E25: Mô tả quyền
A26: role_permissions — Quyền mặc định của từng role
A27: role_permissions | B27: role_id | C27: smallint | D27: NOT NULL | E27: Role được cấp quyền | F27: PK (ghép), FK → roles
A28: role_permissions | B28: permission_id | C28: smallint | D28: NOT NULL | E28: Quyền mặc định của role | F28: PK (ghép), FK → permissions
A29: user_permissions — Ghi đè quyền cho từng user (Admin quản lý quyền của Mod)
A30: user_permissions | B30: user_id | C30: integer | D30: NOT NULL | E30: User (thường là Mod) được ghi đè quyền | F30: PK (ghép), FK → users
A31: user_permissions | B31: permission_id | C31: smallint | D31: NOT NULL | E31: Quyền bị ghi đè | F31: PK (ghép), FK → permissions
A32: user_permissions | B32: effect | C32: character varying(5) | D32: NOT NULL | E32: allow = cấp thêm, deny = thu hồi so với quyền của role | G32: "allow"
A33: user_permissions | B33: granted_by | C33: integer | D33: NULL | E33: Admin thực hiện | F33: FK → users
A34: user_permissions | B34: granted_at | C34: timestamp with time zone | D34: NOT NULL | E34: Thời điểm cấp/thu | G34: now()
A35: user_external_logins — Liên kết đăng nhập Google
A36: user_external_logins | B36: id | C36: bigint | D36: NOT NULL | E36: Khóa chính | F36: PK
A37: user_external_logins | B37: user_id | C37: integer | D37: NOT NULL | E37: Tài khoản ANGI được liên kết | F37: UK (ghép), FK → users
A38: user_external_logins | B38: provider | C38: character varying(20) | D38: NOT NULL | E38: Nhà cung cấp đăng nhập (hiện chỉ google) | F38: UK (ghép)
A39: user_external_logins | B39: provider_user_id | C39: character varying(255) | D39: NOT NULL | E39: Id người dùng phía Google (claim "sub") | F39: UK (ghép)
A40: user_external_logins | B40: linked_at | C40: timestamp with time zone | D40: NOT NULL | E40: Thời điểm liên kết | G40: now()
A41: user_tokens — Token xác minh email và reset mật khẩu
A42: user_tokens | B42: id | C42: bigint | D42: NOT NULL | E42: Khóa chính | F42: PK
A43: user_tokens | B43: user_id | C43: integer | D43: NOT NULL | E43: Chủ token | F43: FK → users
A44: user_tokens | B44: purpose | C44: character varying(20) | D44: NOT NULL | E44: Mục đích: email_verify hoặc password_reset
A45: user_tokens | B45: token_hash | C45: text | D45: NOT NULL | E45: Hash của token/mã gửi qua email (không lưu bản gốc) | F45: UK
A46: user_tokens | B46: expires_at | C46: timestamp with time zone | D46: NOT NULL | E46: Hết hạn
A47: user_tokens | B47: used_at | C47: timestamp with time zone | D47: NULL | E47: Thời điểm đã dùng; NULL = chưa dùng (dùng 1 lần)
A48: user_tokens | B48: created_at | C48: timestamp with time zone | D48: NOT NULL | E48: Thời điểm tạo | G48: now()
A49: user_sessions — Phiên đăng nhập / refresh token
A50: user_sessions | B50: id | C50: bigint | D50: NOT NULL | E50: Khóa chính phiên | F50: PK
A51: user_sessions | B51: user_id | C51: integer | D51: NOT NULL | E51: Chủ phiên | F51: FK → users
A52: user_sessions | B52: refresh_token_hash | C52: text | D52: NOT NULL | E52: Hash refresh token | F52: UK
A53: user_sessions | B53: user_agent | C53: character varying(500) | D53: NULL | E53: Thiết bị/trình duyệt
A54: user_sessions | B54: ip_address | C54: inet | D54: NULL | E54: IP đăng nhập
A55: user_sessions | B55: created_at | C55: timestamp with time zone | D55: NOT NULL | E55: Thời điểm tạo | G55: now()
A56: user_sessions | B56: expires_at | C56: timestamp with time zone | D56: NOT NULL | E56: Hết hạn phiên
A57: user_sessions | B57: revoked_at | C57: timestamp with time zone | D57: NULL | E57: Thời điểm thu hồi (đăng xuất, đổi mật khẩu); NULL = còn hiệu lực
A58: media_files — File upload dùng chung (ảnh, giấy tờ)
A59: media_files | B59: id | C59: bigint | D59: NOT NULL | E59: Khóa chính file | F59: PK
A60: media_files | B60: uploader_id | C60: integer | D60: NULL | E60: Người upload | F60: FK → users
A61: media_files | B61: storage_key | C61: text | D61: NOT NULL | E61: Key trên S3/Cloudinary/... | F61: UK
A62: media_files | B62: url | C62: text | D62: NOT NULL | E62: URL công khai của file
A63: media_files | B63: mime_type | C63: character varying(100) | D63: NOT NULL | E63: Kiểu file (image/jpeg, application/pdf...)
A64: media_files | B64: size_bytes | C64: bigint | D64: NULL | E64: Dung lượng (byte)
A65: media_files | B65: created_at | C65: timestamp with time zone | D65: NOT NULL | E65: Thời điểm tạo | G65: now()
A66: restaurants — Nhà hàng (mỗi Owner 1 nhà hàng)
A67: restaurants | B67: id | C67: bigint | D67: NOT NULL | E67: Khóa chính nhà hàng | F67: PK
A68: restaurants | B68: owner_id | C68: integer | D68: NOT NULL | E68: Restaurant Owner quản lý (mỗi Owner tối đa 1 nhà hàng chưa xóa) | F68: UK (deleted_at IS NULL), FK → users
A69: restaurants | B69: name | C69: character varying(200) | D69: NOT NULL | E69: Tên nhà hàng
A70: restaurants | B70: slug | C70: character varying(220) | D70: NOT NULL | E70: Slug dùng trên URL | F70: UK (deleted_at IS NULL)
A71: restaurants | B71: description | C71: text | D71: NULL | E71: Mô tả nhà hàng
A72: restaurants | B72: phone | C72: character varying(20) | D72: NULL | E72: Số điện thoại liên hệ
A73: restaurants | B73: email | C73: citext | D73: NULL | E73: Email liên hệ
A74: restaurants | B74: website | C74: text | D74: NULL | E74: Website/fanpage
A75: restaurants | B75: address_line | C75: character varying(255) | D75: NOT NULL | E75: Số nhà, tên đường
A76: restaurants | B76: ward | C76: character varying(100) | D76: NULL | E76: Phường/xã
A77: restaurants | B77: district | C77: character varying(100) | D77: NULL | E77: Quận/huyện
A78: restaurants | B78: province_name | C78: character varying(100) | D78: NULL | E78: Tỉnh/thành
A79: restaurants | B79: latitude | C79: numeric(9,6) | D79: NULL | E79: Vĩ độ
A80: restaurants | B80: longitude | C80: numeric(9,6) | D80: NULL | E80: Kinh độ
A81: restaurants | B81: price_level | C81: smallint | D81: NULL | E81: Mức giá 1 đến 4 ($ đến $$$$)
A82: restaurants | B82: cover_media_id | C82: bigint | D82: NULL | E82: Ảnh bìa nhà hàng | F82: FK → media_files
A83: restaurants | B83: verification_status | C83: character varying(20) | D83: NOT NULL | E83: Trạng thái xác minh: unverified, pending, verified, rejected | G83: "unverified"
A84: restaurants | B84: operating_status | C84: character varying(20) | D84: NOT NULL | E84: Trạng thái hoạt động do Owner đặt: open, temporarily_closed, permanently_closed | G84: "open"
A85: restaurants | B85: moderation_status | C85: character varying(20) | D85: NOT NULL | E85: Trạng thái kiểm duyệt do Mod đặt: visible, hidden, suspended | G85: "visible"
A86: restaurants | B86: rating_avg | C86: numeric(3,2) | D86: NOT NULL | E86: Denormalized từ restaurant_reviews | G86: 0
A87: restaurants | B87: rating_count | C87: integer | D87: NOT NULL | E87: Số review đang hiển thị (denormalized) | G87: 0
A88: restaurants | B88: created_at | C88: timestamp with time zone | D88: NOT NULL | E88: Thời điểm tạo | G88: now()
A89: restaurants | B89: updated_at | C89: timestamp with time zone | D89: NOT NULL | E89: Thời điểm cập nhật gần nhất | G89: now()
A90: restaurants | B90: deleted_at | C90: timestamp with time zone | D90: NULL | E90: Thời điểm xóa mềm; NULL = chưa xóa
A91: restaurant_images — Ảnh của nhà hàng
A92: restaurant_images | B92: restaurant_id | C92: bigint | D92: NOT NULL | E92: Nhà hàng | F92: PK (ghép), FK → restaurants
A93: restaurant_images | B93: media_id | C93: bigint | D93: NOT NULL | E93: Ảnh | F93: PK (ghép), FK → media_files
A94: restaurant_images | B94: sort_order | C94: smallint | D94: NOT NULL | E94: Thứ tự hiển thị | G94: 0
A95: restaurant_business_hours — Giờ mở cửa theo ngày, nhiều ca/ngày
A96: restaurant_business_hours | B96: id | C96: bigint | D96: NOT NULL | E96: Khóa chính | F96: PK
A97: restaurant_business_hours | B97: restaurant_id | C97: bigint | D97: NOT NULL | E97: Nhà hàng | F97: UK (ghép), FK → restaurants
A98: restaurant_business_hours | B98: day_of_week | C98: smallint | D98: NOT NULL | E98: Thứ trong tuần: 0 = Chủ nhật ... 6 = Thứ bảy | F98: UK (ghép)
A99: restaurant_business_hours | B99: open_time | C99: time without time zone | D99: NOT NULL | E99: Giờ mở cửa của ca | F99: UK (ghép)
A100: restaurant_business_hours | B100: close_time | C100: time without time zone | D100: NOT NULL | E100: Close_time < open_time nghĩa là qua đêm
...

Sheet Recommendation
A1: Tên bảng | B1: Tên trường | C1: Kiểu dữ liệu | D1: Not null / Nullable | E1: Mô tả trường | F1: Khóa | G1: Mặc định
A2: algorithm_configs — Cấu hình thuật toán có phiên bản
A3: algorithm_configs | B3: config_version | C3: integer | D3: NOT NULL | E3: Số phiên bản cấu hình | F3: PK
A4: algorithm_configs | B4: params | C4: jsonb | D4: NOT NULL | E4: {"beta_u":0.03,"beta_s":0.03,"k":5,"k_prime":5,"z":1.96,"gamma":0.1,"explicit_norm":"minmax_cosine","ontology_version":1}
A5: algorithm_configs | B5: is_active | C5: boolean | D5: NOT NULL | E5: Cấu hình đang dùng (chỉ 1 dòng true) | G5: false
A6: algorithm_configs | B6: note | C6: text | D6: NULL | E6: Ghi chú
A7: algorithm_configs | B7: created_at | C7: timestamp with time zone | D7: NOT NULL | E7: Thời điểm tạo | G7: now()
A8: survey_option_vectors — Quy lựa chọn khảo sát thành vector 12 chiều
A9: survey_option_vectors | B9: option_code | C9: character varying(50) | D9: NOT NULL | E9: Mã lựa chọn khảo sát do app gửi lên (bộ câu hỏi cố định ở FE) | F9: PK
A10: survey_option_vectors | B10: vec | C10: vector(12) | D10: NOT NULL | E10: Các chiều không liên quan để 0
A11: survey_option_vectors | B11: dim_mask | C11: vector(12) | D11: NOT NULL | E11: 1 ở chiều mà option này có ý kiến, 0 ở chiều còn lại
A12: survey_option_vectors | B12: updated_at | C12: timestamp with time zone | D12: NOT NULL | E12: Thời điểm cập nhật gần nhất | G12: now()
A13: dish_vectors — Vector 12 chiều của món do AI sinh
A14: dish_vectors | B14: dish_id | C14: integer | D14: NOT NULL | E14: Món (= core.dishes.id, tham chiếu mềm) | F14: PK
A15: dish_vectors | B15: vec | C15: vector(12) | D15: NULL | E15: NULL khi chưa sinh được / failed
A16: dish_vectors | B16: raw_ai_output | C16: jsonb | D16: NULL | E16: JSON gốc AI trả về
A17: dish_vectors | B17: source_hash | C17: character(64) | D17: NOT NULL | E17: Sha256(name + description ...)
A18: dish_vectors | B18: model_name | C18: character varying(100) | D18: NULL | E18: Model AI sinh vector
A19: dish_vectors | B19: ontology_version | C19: smallint | D19: NOT NULL | E19: Phiên bản ontology (12 chiều = 1) | G19: 1
A20: dish_vectors | B20: status | C20: character varying(10) | D20: NOT NULL | E20: pending, ready, failed | G20: "pending"
A21: dish_vectors | B21: attempt_count | C21: smallint | D21: NOT NULL | E21: Số lần sinh vector đã thử | G21: 0
A22: dish_vectors | B22: last_error | C22: text | D22: NULL | E22: Lỗi lần sinh gần nhất
A23: dish_vectors | B23: is_active | C23: boolean | D23: NOT NULL | E23: False khi backend xóa/ẩn món | G23: true
A24: dish_vectors | B24: name | C24: character varying(200) | D24: NULL | E24: Tên món đã nhận, dùng để sinh lại vector khi failed
A25: dish_vectors | B25: description | C25: text | D25: NULL | E25: Mô tả món đã nhận
A26: dish_vectors | B26: last_event_at | C26: timestamp with time zone | D26: NULL | E26: Occurred_at của sự kiện mới nhất đã áp dụng; sự kiện cũ hơn (đến trễ) bị bỏ qua
A27: dish_vectors | B27: created_at | C27: timestamp with time zone | D27: NOT NULL | E27: Thời điểm tạo | G27: now()
A28: dish_vectors | B28: updated_at | C28: timestamp with time zone | D28: NOT NULL | E28: Thời điểm cập nhật gần nhất | G28: now()
A29: user_preference_vectors — Vector user và bộ đếm m, N_total
A30: user_preference_vectors | B30: user_id | C30: integer | D30: NOT NULL | E30: User (= core.users.id, tham chiếu mềm) | F30: PK
A31: user_preference_vectors | B31: initial_vec | C31: vector(12) | D31: NULL | E31: Từ khảo sát; NULL nếu chưa khảo sát
A32: user_preference_vectors | B32: vec | C32: vector(12) | D32: NULL | E32: Cập nhật online; NULL = chưa có (Explicit = 0). Không lưu vector 0.
A33: user_preference_vectors | B33: survey_answer_count | C33: integer | D33: NOT NULL | E33: q = số câu trả lời khảo sát | G33: 0
A34: user_preference_vectors | B34: feedback_count | C34: integer | D34: NOT NULL | E34: Số lần like/dislike | G34: 0
A35: user_preference_vectors | B35: total_interactions | C35: integer | D35: NULL | E35: m = q + số like/dislike (cột tính tự động) | G35: (cột tính toán)
A36: user_preference_vectors | B36: total_shown | C36: bigint | D36: NOT NULL | E36: N_total = tổng số lần các món được hiển thị cho user | G36: 0
A37: user_preference_vectors | B37: survey_payload | C37: jsonb | D37: NULL | E37: Câu trả lời thô nhận được
A38: user_preference_vectors | B38: survey_at | C38: timestamp with time zone | D38: NULL | E38: Khác NULL => đã khảo sát; khảo sát chỉ nhận 1 lần (409 nếu gửi lại)
A39: user_preference_vectors | B39: updated_at | C39: timestamp with time zone | D39: NOT NULL | E39: Thời điểm cập nhật gần nhất | G39: now()
A40: user_dish_scores — Implicit S, n, N_i theo cặp user-món
A41: user_dish_scores | B41: user_id | C41: integer | D41: NOT NULL | E41: User (= core.users.id) | F41: PK (ghép)
A42: user_dish_scores | B42: dish_id | C42: integer | D42: NOT NULL | E42: Món (= core.dishes.id) | F42: PK (ghép)
A43: user_dish_scores | B43: implicit_score | C43: real | D43: NOT NULL | E43: Implicit S của cặp user-món, mặc định 0,5 | G43: 0.5
A44: user_dish_scores | B44: interaction_count | C44: integer | D44: NOT NULL | E44: n = số lần user like/dislike món này | G44: 0
A45: user_dish_scores | B45: shown_count | C45: integer | D45: NOT NULL | E45: N_i = số lần món được hiển thị cho user | G45: 0
A46: user_dish_scores | B46: last_feedback | C46: smallint | D46: NULL | E46: Phiếu hiện tại trong dish_stats
A47: user_dish_scores | B47: last_feedback_at | C47: timestamp with time zone | D47: NULL | E47: Thời điểm phản hồi gần nhất
A48: user_dish_scores | B48: updated_at | C48: timestamp with time zone | D48: NOT NULL | E48: Thời điểm cập nhật gần nhất | G48: now()
A49: dish_stats — Like/dislike cộng đồng cho Wilson
A50: dish_stats | B50: dish_id | C50: integer | D50: NOT NULL | E50: Món (= core.dishes.id, tham chiếu mềm) | F50: PK
A51: dish_stats | B51: like_count | C51: integer | D51: NOT NULL | E51: Số user đang like (mỗi user 1 phiếu theo phản hồi gần nhất) | G51: 0
A52: dish_stats | B52: dislike_count | C52: integer | D52: NOT NULL | E52: Số user đang dislike | G52: 0
A53: dish_stats | B53: updated_at | C53: timestamp with time zone | D53: NOT NULL | E53: Thời điểm cập nhật gần nhất | G53: now()
A54: interaction_events — Log like/dislike append-only (nguồn sự thật)
A55: interaction_events | B55: id | C55: bigint | D55: NOT NULL | E55: Khóa chính | F55: PK
A56: interaction_events | B56: event_uuid | C56: uuid | D56: NOT NULL | E56: =core.dish_feedbacks.event_uuid, chống ghi trùng khi backend retry -> #ERROR! | F56: UK
A57: interaction_events | B57: user_id | C57: integer | D57: NOT NULL | E57: User (= core.users.id)
A58: interaction_events | B58: dish_id | C58: integer | D58: NOT NULL | E58: Món (= core.dishes.id)
A59: interaction_events | B59: event_type | C59: character varying(10) | D59: NOT NULL | E59: like hoặc dislike
A60: interaction_events | B60: w | C60: smallint | D60: NOT NULL | E60: +1 (like) hoặc -1 (dislike)
A61: interaction_events | B61: request_id | C61: uuid | D61: NULL | E61: Recommendation_logs.request_id nếu có
A62: interaction_events | B62: config_version | C62: integer | D62: NULL | E62: Cấu hình thuật toán lúc xử lý | F62: FK → algorithm_configs
A63: interaction_events | B63: occurred_at | C63: timestamp with time zone | D63: NOT NULL | E63: Thời điểm user bấm (backend gửi)
A64: interaction_events | B64: received_at | C64: timestamp with time zone | D64: NOT NULL | E64: Thời điểm reco nhận | G64: now()
A65: recommendation_logs — Mỗi lần gọi /recommendations
A66: recommendation_logs | B66: request_id | C66: uuid | D66: NOT NULL | E66: Khóa chính lần gợi ý, trả về cho backend | F66: PK | G66: gen_random_uuid()
A67: recommendation_logs | B67: user_id | C67: integer | D67: NOT NULL | E67: User được gợi ý
A68: recommendation_logs | B68: config_version | C68: integer | D68: NOT NULL | E68: Cấu hình thuật toán đã dùng | F68: FK → algorithm_configs
A69: recommendation_logs | B69: context | C69: character varying(20) | D69: NOT NULL | E69: list, home, roll, roadmap_manual, roadmap_ai | G69: "list"
A70: recommendation_logs | B70: m | C70: integer | D70: NOT NULL | E70: m = tổng tương tác của user lúc gợi ý
A71: recommendation_logs | B71: n_total | C71: bigint | D71: NOT NULL | E71: N_total lúc gợi ý
A72: recommendation_logs | B72: delta | C72: real | D72: NOT NULL | E72: Δ = m/(m+k')
A73: recommendation_logs | B73: candidate_count | C73: integer | D73: NOT NULL | E73: Số món ứng viên backend gửi
A74: recommendation_logs | B74: top_k | C74: integer | D74: NOT NULL | E74: Số món trả về
A75: recommendation_logs | B75: latency_ms | C75: integer | D75: NULL | E75: Thời gian xử lý (ms)
A76: recommendation_logs | B76: created_at | C76: timestamp with time zone | D76: NOT NULL | E76: Thời điểm tạo | G76: now()
A77: recommendation_items — Điểm từng tầng của từng món trong một lần gợi ý
A78: recommendation_items | B78: request_id | C78: uuid | D78: NOT NULL | E78: Lần gợi ý | F78: PK (ghép), FK → recommendation_logs
A79: recommendation_items | B79: dish_id | C79: integer | D79: NOT NULL | E79: Món ứng viên | F79: PK (ghép)
A80: recommendation_items | B80: rank | C80: integer | D80: NOT NULL | E80: Thứ hạng trong toàn bộ tập ứng viên
A81: recommendation_items | B81: is_returned | C81: boolean | D81: NOT NULL | E81: Nằm trong top_k trả về backend
A82: recommendation_items | B82: cosine_sim | C82: real | D82: NULL | E82: NULL nếu user chưa có vector
A83: recommendation_items | B83: explicit_score | C83: real | D83: NOT NULL | E83: Explicit = MinMax của cosine trên tập ứng viên
A84: recommendation_items | B84: implicit_score | C84: real | D84: NOT NULL | E84: Implicit S tại thời điểm gợi ý
A85: recommendation_items | B85: alpha | C85: real | D85: NOT NULL | E85: α = n/(n+k)
A86: recommendation_items | B86: personalized | C86: real | D86: NOT NULL | E86: (1−α)·Explicit + α·Implicit
A87: recommendation_items | B87: wilson | C87: real | D87: NOT NULL | E87: Pooled Wilson Score
A88: recommendation_items | B88: final_score | C88: real | D88: NOT NULL | E88: Δ·Personalized + (1−Δ)·Wilson
A89: recommendation_items | B89: exploration | C89: real | D89: NOT NULL | E89: Exploration Score (UCB, SoftSign)
A90: recommendation_items | B90: recommend_score | C90: real | D90: NOT NULL | E90: (1−γ)·Final + γ·Exploration, dùng để xếp hạng
A91: recommendation_items | B91: shown_at | C91: timestamp with time zone | D91: NULL | E91: Lần đầu món này hiển thị cho user (POST /impressions); NULL = chưa thấy
