Workbook

Sheet Sprints
A1: Sprint | B1: Tuần | C1: Bắt đầu | D1: Kết thúc | E1: Sprint Goal | F1: Số task | G1: Story points
A2: ANGI Sprint 0 | B2: W5 | C2: 05/10/2026 | D2: 11/10/2026 | E2: Hoàn tất thiết kế (SDS v1.0, Test Plan, SRS v1.0), dựng khung dự án, DB, CI, seed data | F2: =COUNTIF(Backlog!$F:$F,A2) -> 15 | G2: =SUMIF(Backlog!$F:$F,A2,Backlog!$H:$H) -> 45
A3: ANGI Sprint 1 | B3: W6-W7 | C3: 12/10/2026 | D3: 25/10/2026 | E3: Iteration 1: Authentication & Account, Restaurant Management, Discovery, Reco phase 1 -> Software Package V1 | F3: =COUNTIF(Backlog!$F:$F,A3) -> 70 | G3: =SUMIF(Backlog!$F:$F,A3,Backlog!$H:$H) -> 153
A4: ANGI Sprint 2 | B4: W8-W9 | C4: 26/10/2026 | D4: 08/11/2026 | E4: Iteration 2: Roadmap, Feedback & Report, Blog, Notification, Reco phase 2 -> Software Package V2 | F4: =COUNTIF(Backlog!$F:$F,A4) -> 68 | G4: =SUMIF(Backlog!$F:$F,A4,Backlog!$H:$H) -> 150
A5: ANGI Sprint 3 | B5: W10-W11 | C5: 09/11/2026 | D5: 22/11/2026 | E5: Iteration 3: Moderation, Administration, Reco last phase, System Test Cases -> Software Package V3 | F5: =COUNTIF(Backlog!$F:$F,A5) -> 45 | G5: =SUMIF(Backlog!$F:$F,A5,Backlog!$H:$H) -> 108
A6: ANGI Sprint 4 | B6: W12-W13 | C6: 23/11/2026 | D6: 06/12/2026 | E6: Verification & Validation: System/Acceptance test, fix bug, User Guides, Final Software Package | F6: =COUNTIF(Backlog!$F:$F,A6) -> 10 | G6: =SUMIF(Backlog!$F:$F,A6,Backlog!$H:$H) -> 25
A7: ANGI Sprint 5 | B7: W14 | C7: 07/12/2026 | D7: 13/12/2026 | E7: Closing: Final Project Report, Presentation | F7: =COUNTIF(Backlog!$F:$F,A7) -> 2 | G7: =SUMIF(Backlog!$F:$F,A7,Backlog!$H:$H) -> 7

Sheet Team
A1: Thành viên | B1: Vai trò | C1: Người review PR
A2: Dũng | B2: PM; Recommendation System (FastAPI); DevOps, hạ tầng, database; Backend F-26 (AI generation roadmap item) | C2: Hưng
A3: Hưng | B3: Backend .NET: Authentication, Restaurant, Roadmap, Moderation (nhà hàng, menu), Administration (quyền) | C3: Dũng
A4: Trọng | B4: Backend .NET: Account, Discovery, Notification, Blog, Feedback & Report, Moderation (người dùng, nội dung) | C4: Dũng
A5: Tuấn | B5: Frontend Next.js: Owner portal, Roadmap, Admin | C5: Dũng
A6: Đức | B6: Frontend Next.js: Auth, Discovery, Blog, Moderation; Test docs, User Guide | C6: Tuấn

Sheet Epics
A1: Epic key | B1: Epic | C1: Phạm vi | D1: Start Date | E1: End Date | F1: Số task | G1: Story points
A2: EP-SETUP | B2: Project Setup & Infrastructure | C2: Repo, CI/CD, solution skeleton, DB migration, seed data, shared services | D2: 05/10/2026 | E2: 08/11/2026 | F2: =COUNTIF(Backlog!$G:$G,A2) -> 15 | G2: =SUMIF(Backlog!$G:$G,A2,Backlog!$H:$H) -> 46
A3: EP-AUTH | B3: Authentication & Account | C3: F-01..F-08 | D3: 12/10/2026 | E3: 20/10/2026 | F3: =COUNTIF(Backlog!$G:$G,A3) -> 16 | G3: =SUMIF(Backlog!$G:$G,A3,Backlog!$H:$H) -> 30
A4: EP-NOTI | B4: Notification | C4: F-09..F-10 | D4: 26/10/2026 | E4: 27/10/2026 | F4: =COUNTIF(Backlog!$G:$G,A4) -> 4 | G4: =SUMIF(Backlog!$G:$G,A4,Backlog!$H:$H) -> 6
A5: EP-DISC | B5: Dish & Restaurant Discovery | C5: F-11..F-18 | D5: 12/10/2026 | E5: 20/10/2026 | F5: =COUNTIF(Backlog!$G:$G,A5) -> 16 | G5: =SUMIF(Backlog!$G:$G,A5,Backlog!$H:$H) -> 38
A6: EP-ROAD | B6: Roadmap | C6: F-19..F-30 | D6: 26/10/2026 | E6: 03/11/2026 | F6: =COUNTIF(Backlog!$G:$G,A6) -> 24 | G6: =SUMIF(Backlog!$G:$G,A6,Backlog!$H:$H) -> 65
A7: EP-FBR | B7: Restaurant Feedback & Report | C7: F-31..F-33 | D7: 31/10/2026 | E7: 03/11/2026 | F7: =COUNTIF(Backlog!$G:$G,A7) -> 6 | G7: =SUMIF(Backlog!$G:$G,A7,Backlog!$H:$H) -> 12
A8: EP-BLOG | B8: Blog | C8: F-34..F-42 | D8: 26/10/2026 | E8: 02/11/2026 | F8: =COUNTIF(Backlog!$G:$G,A8) -> 18 | G8: =SUMIF(Backlog!$G:$G,A8,Backlog!$H:$H) -> 36
A9: EP-REST | B9: Restaurant Management | C9: F-43..F-51 | D9: 12/10/2026 | E9: 20/10/2026 | F9: =COUNTIF(Backlog!$G:$G,A9) -> 18 | G9: =SUMIF(Backlog!$G:$G,A9,Backlog!$H:$H) -> 45
A10: EP-MOD | B10: Moderation | C10: F-52..F-62 | D10: 09/11/2026 | E10: 17/11/2026 | F10: =COUNTIF(Backlog!$G:$G,A10) -> 22 | G10: =SUMIF(Backlog!$G:$G,A10,Backlog!$H:$H) -> 51
A11: EP-ADMIN | B11: Administration | C11: F-63..F-66 | D11: 09/11/2026 | E11: 16/11/2026 | F11: =COUNTIF(Backlog!$G:$G,A11) -> 8 | G11: =SUMIF(Backlog!$G:$G,A11,Backlog!$H:$H) -> 28
A12: EP-RECO | B12: Recommendation System | C12: Recommendation service (FastAPI) phase 1-3 | D12: 12/10/2026 | E12: 16/11/2026 | F12: =COUNTIF(Backlog!$G:$G,A12) -> 11 | G12: =SUMIF(Backlog!$G:$G,A12,Backlog!$H:$H) -> 37
A13: EP-DOC | B13: Documentation & Reports | C13: SRS, SDS, Test docs, User Guides, Final Report | D13: 05/10/2026 | E13: 13/12/2026 | F13: =COUNTIF(Backlog!$G:$G,A13) -> 14 | G13: =SUMIF(Backlog!$G:$G,A13,Backlog!$H:$H) -> 31
A14: EP-QA | B14: Testing & Release | C14: Integration/System/Acceptance test, bug fixing, software packages | D14: 19/10/2026 | E14: 06/12/2026 | F14: =COUNTIF(Backlog!$G:$G,A14) -> 38 | G14: =SUMIF(Backlog!$G:$G,A14,Backlog!$H:$H) -> 63

Sheet Backlog
A1: Issue ID | B1: Type | C1: Summary | D1: Description | E1: Assignee | F1: Sprint | G1: Epic | H1: Story Points | I1: Start Date | J1: Due Date | K1: Labels | L1: Jira key | M1: Critical path | N1: Float (ngày) | O1: Priority
A2: T133 | B2: Task | C2: Tạo GitHub repo (backend, frontend, reco), branch strategy, PR template, rule review | D2: Cấu hình đúng commit_guide.md: nhánh main/dev, nhánh làm việc <type>/ANGI-xxx-mô-tả tạo từ dev; PR vào dev, squash merge, cần 1 approve. Bảo vệ main và dev (không push thẳng). | E2: Dũng | F2: ANGI Sprint 0 | G2: EP-SETUP | H2: 2 | I2: 05/10/2026 | J2: 05/10/2026 | K2: devops | L2: ANGI-14 | N2: 8.3 | O2: Medium
A3: T157 | B3: Task | C3: Report 4: SDS v1.0 (High Level Design) | D3: Cả team cùng viết, mỗi người viết phần module/feature mình làm. Dũng tổng hợp và duyệt cuối. | E3: Dũng | F3: ANGI Sprint 0 | G3: EP-DOC | H3: 3 | I3: 05/10/2026 | J3: 05/10/2026 | K3: docs | L3: ANGI-15 | N3: 69 | O3: Medium
A4: T134 | B4: Task | C4: Docker Compose môi trường dev: PostgreSQL 16 + pgvector | D4: Mỗi dev chạy được DB local bằng 1 lệnh; tạo 2 DB role riêng cho backend (schema core) và reco (schema recommendation) như project_architecture.md mục 6. Viết hướng dẫn chạy vào README. | E4: Dũng | F4: ANGI Sprint 0 | G4: EP-SETUP | H4: 2 | I4: 05/10/2026 | J4: 06/10/2026 | K4: devops | L4: ANGI-16 | N4: 8.5 | O4: Medium
A5: T140 | B5: Task | C5: Shared service: upload ảnh/tài liệu (Cloudinary) | D5: Interface ở Application/Common/Interfaces/Services, implementation ở Infrastructure/Services (project_architecture.md mục 2). Dùng cho MEDIA-01 và bảng media_files. | E5: Hưng | F5: ANGI Sprint 0 | G5: EP-SETUP | H5: 2 | I5: 05/10/2026 | J5: 07/10/2026 | K5: backend | L5: ANGI-17 | N5: 11.5 | O5: Medium
A6: T141 | B6: Task | C6: Shared service: gửi email (Brevo) + template xác minh / reset mật khẩu | D6: Interface ở Application/Common/Interfaces/Services, implementation ở Infrastructure/Services (project_architecture.md mục 2). Dùng cho F-01, F-02, F-05. | E6: Trọng | F6: ANGI Sprint 0 | G6: EP-SETUP | H6: 2 | I6: 05/10/2026 | J6: 08/10/2026 | K6: backend | L6: ANGI-18 | N6: 10.8 | O6: Medium
A7: T142 | B7: Task | C7: Khung Next.js: layout, routing theo role, API client, auth guard, UI kit | D7: API client đọc base URL từ env, lấy dữ liệu từ field data của ApiResponse, rẽ nhánh lỗi theo errorCode (sheet Mã lỗi của ANGI_API_Design_Ver1.7), xử lý refresh token (AUTH-06). | E7: Tuấn | F7: ANGI Sprint 0 | G7: EP-SETUP | H7: 5 | I7: 05/10/2026 | J7: 11/10/2026 | K7: frontend | L7: ANGI-19 | N7: 8.1 | O7: High
A8: T143 | B8: Task | C8: Wireframe/mockup các màn hình Iteration 1 | D8: Theo các use case Iteration 1 trong ANGI_Use_Case_Basic_Descriptions_Ver1.0. | E8: Đức | F8: ANGI Sprint 0 | G8: EP-SETUP | H8: 3 | I8: 05/10/2026 | J8: 11/10/2026 | K8: frontend | L8: ANGI-20 | N8: 8.1 | O8: Medium
A9: T135 | B9: Task | C9: Database: ANGIContext schema core, base class, initial migration | D9: Map toàn bộ bảng schema core theo ANGI_Data_Dictionary_Ver1.1 vào ANGIContext (IEntityTypeConfiguration mỗi bảng), BaseEntity + ISoftDelete, enum lưu đúng giá trị chữ thường như sheet Enum của ANGI_API_Design_Ver1.7. Initial migration gồm cả CHECK, citext và trigger outbox (migrationBuilder.Sql). Từ đây schema core chỉ đổi qua EF migration (commit_guide.md mục 10). | Làm sau: Docker Compose môi trường dev: PostgreSQL 16 + pgvector. | E9: Dũng | F9: ANGI Sprint 0 | G9: EP-SETUP | H9: 5 | I9: 06/10/2026 | J9: 08/10/2026 | K9: devops | L9: ANGI-21 | N9: 8.5 | O9: High
A10: T158 | B10: Task | C10: Report 5: Test Planning | D10: Report 5: Test Planning | E10: Đức | F10: ANGI Sprint 0 | G10: EP-DOC | H10: 2 | I10: 07/10/2026 | J10: 08/10/2026 | K10: docs | L10: ANGI-22 | N10: 66 | O10: Medium
A11: T139 | B11: Task | C11: Backend: ExceptionHandlingMiddleware, cấu hình JWT, CORS, rate limit | D11: Mọi response bọc trong ApiResponse<T> (success, message, errorCode, data, errors) theo coding_rule.md mục 5. Middleware map exception sang status + errorCode theo coding_rule.md mục 7 và sheet Mã lỗi của ANGI_API_Design_Ver1.7; 401, 403, 429 và lỗi model binding cũng trả ApiResponse. JWT, CORS, rate limit theo project_architecture.md mục 4–5. | E11: Hưng | F11: ANGI Sprint 0 | G11: EP-SETUP | H11: 3 | I11: 07/10/2026 | J11: 11/10/2026 | K11: backend | L11: ANGI-23 | N11: 6.4 | O11: Medium
A12: T136 | B12: Task | C12: CI GitHub Actions: build + unit test cho .NET, FastAPI, Next.js | D12: Chạy cho mọi PR vào dev; PR đỏ thì không được merge. | Làm sau: Database: ANGIContext schema core, base class, initial migration. | E12: Dũng | F12: ANGI Sprint 0 | G12: EP-SETUP | H12: 3 | I12: 08/10/2026 | J12: 09/10/2026 | K12: devops | L12: ANGI-24 | N12: 65.8 | O12: Medium
A13: T144 | B13: Task | C13: Ghi audit log cho thao tác quan trọng | D13: Ghi vào bảng audit_logs (ANGI_Data_Dictionary_Ver1.1): đăng nhập, khóa/mở khóa user, duyệt nhà hàng/menu, ẩn nội dung, đổi quyền. Dữ liệu cho F-55 và F-64 ở Iteration 3. | Làm sau: Database: ANGIContext schema core, base class, initial migration. | E13: Trọng | F13: ANGI Sprint 0 | G13: EP-SETUP | H13: 2 | I13: 08/10/2026 | J13: 11/10/2026 | K13: backend | L13: ANGI-25 | N13: 63 | O13: Medium
... A37: T091 | B37: Task | C37: [BE] F-46 Update Status | D37: Use case F-46 Update Status (Actor: Restaurant Owner). Allows a Restaurant Owner to update the restaurant's operating status, such as open or temporarily closed. The system saves the new status and uses it when displaying or providing restaurant information. Endpoint cần làm: - OWN-05 PUT /api/v1/owner/restaurant/operating-status Tài liệu: ANGI_Use_Case_Basic_Descriptions_Ver1.0 (use case), ANGI_API_Design_Ver1.7 (sheet Backend API, Chi tiết Request-Response, Mã lỗi), ANGI_Data_Dictionary_Ver1.1 (bảng), coding_rule.md. DoD: Endpoint trả đúng request/response và mã lỗi như ANGI_API_Design_Ver1.7; code theo coding_rule.md; unit test tối thiểu 2 method; hiện trên Scalar; PR được Dũng review. | E37: Trọng | F37: ANGI Sprint 1 | G37: EP-REST | H37: 1 | I37: 14/10/2026 | J37: 14/10/2026 | K37: backend iteration1 | L37: ANGI-49 | N37: 5 | O37: Medium
A38: T148 | B38: Task | C38: Reco P1: Sinh dish vector (RECO-01 upsert, RECO-02 deactivate) | D38: [CRITICAL PATH] Task này nằm trên đường găng: dự phòng tối đa 1 ngày. Phải xong đúng Due Date 15/10/2026; trễ 1 ngày thì mốc "Software Package Version 1" (25/10/2026) bị trễ theo. Ảnh hưởng trực tiếp tới: Reco P1: Cold start (Pooled Wilson) + Content-based, RECO-05 /recommendations, RECO-06 /impressions; Code freeze + tích hợp Iteration 1: merge PR vào dev, chạy toàn hệ thống. Cần xong trước khi bắt đầu: Reco P1: Chuẩn hóa dữ liệu + ontology 12 chiều. Gặp vướng thì báo ngay trong ngày cho Dũng (PM), không đợi họp. Recommendation_System_Design_Ver1.0 mục 2.4. Deliverable: Dish Vector. | Làm sau: Reco P1: Chuẩn hóa dữ liệu + ontology 12 chiều. | E38: Dũng | F38: ANGI Sprint 1 | G38: EP-RECO | H38: 3 | I38: 14/10/2026 | J38: 15/10/2026 | K38: reco critical-path | L38: ANGI-50 | M38: Có | N38: 1.4 | O38: Highest
A39: T014 | B39: Task | C39: [FE] F-07 Manage Personal Profile | D39: Use case F-07 Manage Personal Profile (Actor: Registered User). Allows a Registered User to view and update the editable personal information of their account, such as display name and related profile details. The system validates the input and saves valid changes. Endpoint cần gọi: - ME-01 GET /api/v1/me - ME-02 PATCH /api/v1/me - MEDIA-01 POST /api/v1/media Tài liệu: ANGI_Use_Case_Basic_Descriptions_Ver1.0 (use case), ANGI_API_Design_Ver1.7 (sheet JSON mẫu để làm mock data, sheet Mã lỗi để hiện thông báo lỗi). DoD: Màn hình chạy với mock data đúng sheet JSON mẫu, chuyển sang API thật khi BE merge; responsive; PR được Tuấn review. | E39: Đức | F39: ANGI Sprint 1 | G39: EP-AUTH | H39: 2 | I39: 14/10/2026 | J39: 15/10/2026 | K39: frontend iteration1 | L39: ANGI-51 | N39: 6.5 | O39: Medium
A40: T095 | B40: Task | C40: [BE] F-48 View Verification Status | D40: Use case F-48 View Verification Status (Actor: Restaurant Owner). Allows a Restaurant Owner to view the current status of the restaurant verification request, such as pending, approved, or rejected, along with any feedback. Endpoint cần làm: - OWN-07 GET /api/v1/owner/restaurant/verifications Tài liệu: ANGI_Use_Case_Basic_Descriptions_Ver1.0 (use case), ANGI_API_Design_Ver1.7 (sheet Backend API, Chi tiết Request-Response, Mã lỗi), ANGI_Data_Dictionary_Ver1.1 (bảng), coding_rule.md. DoD: Endpoint trả đúng request/response và mã lỗi như ANGI_API_Design_Ver1.7; code theo coding_rule.md; unit test tối thiểu 2 method; hiện trên Scalar; PR được Dũng review. | E40: Trọng | F40: ANGI Sprint 1 | G40: EP-REST | H40: 1 | I40: 14/10/2026 | J40: 15/10/2026 | K40: backend iteration1 | L40: ANGI-52 | N40: 4.8 | O40: Medium
A41: T099 | B41: Task | C41: [BE] F-50 Manage Restaurant Menu | D41: Use case F-50 Manage Restaurant Menu (Actor: Restaurant Owner). Allows a Restaurant Owner to manage the restaurant's menu, including adding, editing, or removing dishes and related information. Changes may need to go through an approval process depending on the status of the restaurant and the menu. Endpoint cần làm: - OWN-09 GET /api/v1/owner/restaurant/menu - OWN-10 PUT /api/v1/owner/restaurant/menu/dishes/{dishId}/availability - OWN-11 POST /api/v1/owner/restaurant/menu-submissions - OWN-12 GET /api/v1/owner/restaurant/menu-submissions - OWN-13 GET /api/v1/owner/restaurant/menu-submissions/{submissionId} - OWN-14 POST /api/v1/owner/restaurant/menu-submissions/{submissionId}/items - OWN-15 PATCH /api/v1/owner/restaurant/menu-submissions/{submissionId}/items/{itemId} - OWN-16 DELETE /api/v1/owner/restaurant/menu-submissions/{submissionId}/items/{itemId} - OWN-18 POST /api/v1/owner/restaurant/menu-submissions/{submissionId}/cancel Ghi chú: Sửa menu = soạn bản menu mới (menu_submissions, menu_submission_items); menu đang hiển thị giữ nguyên đến khi Mod duyệt. Tài liệu: ANGI_Use_Case_Basic_Descriptions_Ver1.0 (use case), ANGI_API_Design_Ver1.7 (sheet Backend API, Chi tiết Request-Response, Mã lỗi), ANGI_Data_Dictionary_Ver1.1 (bảng), coding_rule.md. DoD: Endpoint trả đúng request/response và mã lỗi như ANGI_API_Design_Ver1.7; code theo coding_rule.md; unit test tối thiểu 2 method; hiện trên Scalar; PR được Dũng review. | E41: Hưng | F41: ANGI Sprint 1 | G41: EP-REST | H41: 5 | I41: 14/10/2026 | J41: 15/10/2026 | K41: backend iteration1 | L41: ANGI-53 | N41: 4.3 | O41: High
A42: T016 | B42: Task | C42: [FE] F-08 Change Password | D42: Use case F-08 Change Password (Actor: Registered User). Allows a logged-in Registered User to change their current password. The system requires the current password, validates the new password, and updates it if all conditions are met. Endpoint cần gọi: - ME-03 PUT /api/v1/me/password Tài liệu: ANGI_Use_Case_Basic_Descriptions_Ver1.0 (use case), ANGI_API_Design_Ver1.7 (sheet JSON mẫu để làm mock data, sheet Mã lỗi để hiện thông báo lỗi). DoD: Màn hình chạy với mock data đúng sheet JSON mẫu, chuyển sang API thật khi BE merge; responsive; PR được Tuấn review. | E42: Đức | F42: ANGI Sprint 1 | G42: EP-AUTH | H42: 1 | I42: 15/10/2026 | J42: 15/10/2026 | K42: frontend iteration1 | L42: ANGI-54 | N42: 6.1 | O42: Medium
A43: T092 | B43: Task | C43: [FE] F-46 Update Status | D43: Use case F-46 Update Status (Actor: Restaurant Owner). Allows a Restaurant Owner to update the restaurant's operating status, such as open or temporarily closed. The system saves the new status and uses it when displaying or providing restaurant information. Endpoint cần gọi: - OWN-05 PUT /api/v1/owner/restaurant/operating-status Tài liệu: ANGI_Use_Case_Basic_Descriptions_Ver1.0 (use case), ANGI_API_Design_Ver1.7 (sheet JSON mẫu để làm mock data, sheet Mã lỗi để hiện thông báo lỗi). DoD: Màn hình chạy với mock data đúng sheet JSON mẫu, chuyển sang API thật khi BE merge; responsive; PR được Dũng review. | E43: Tuấn | F43: ANGI Sprint 1 | G43: EP-REST | H43: 1 | I43: 15/10/2026 | J43: 15/10/2026 | K43: frontend iteration1 | L43: ANGI-55 | N43: 6.6 | O43: Medium
A44: T097 | B44: Task | C44: [BE] F-49 Resubmit Verification | D44: Use case F-49 Resubmit Verification (Actor: Restaurant Owner). Allows a Restaurant Owner to resubmit a verification request after the previous submission was rejected or more information was requested. The system receives the updated data and creates a new submission for review. Endpoint cần làm: - OWN-08 POST /api/v1/owner/restaurant/verifications/{verificationId}/resubmit Tài liệu: ANGI_Use_Case_Basic_Descriptions_Ver1.0 (use case), ANGI_API_Design_Ver1.7 (sheet Backend API, Chi tiết Request-Response, Mã lỗi), ANGI_Data_Dictionary_Ver1.1 (bảng), coding_rule.md. DoD: Endpoint trả đúng request/response và mã lỗi như ANGI_API_Design_Ver1.7; code theo coding_rule.md; unit test tối thiểu 2 method; hiện trên Scalar; PR được Dũng review. | E44: Trọng | F44: ANGI Sprint 1 | G44: EP-REST | H44: 2 | I44: 15/10/2026 | J44: 15/10/2026 | K44: backend iteration1 | L44: ANGI-56 | N44: 4.2 | O44: Medium
A45: T150 | B45: Task | C45: Reco P1: Cold start (Pooled Wilson) + Content-based, RECO-05 /recommendations, RECO-06 /impressions | D45: [CRITICAL PATH] Task này nằm trên đường găng: dự phòng tối đa 1 ngày. Phải xong đúng Due Date 16/10/2026; trễ 1 ngày thì mốc "Software Package Version 1" (25/10/2026) bị trễ theo. Ảnh hưởng trực tiếp tới: [BE] F-12 Browse Dish; [BE] F-11 View Home Page; Code freeze + tích hợp Iteration 1: merge PR vào dev, chạy toàn hệ thống. Cần xong trước khi bắt đầu: Reco P1: Sinh dish vector (RECO-01 upsert, RECO-02 deactivate); Reco P1: User vector từ khảo sát (RECO-03, RECO-09). Gặp vướng thì báo ngay trong ngày cho Dũng (PM), không đợi họp. Recommendation_System_Design_Ver1.0 mục 3.3 và 3.6. Deliverable: Recommend for new user. | Làm sau: Reco P1: Sinh dish vector (RECO-01 upsert, RECO-02 deactivate), Reco P1: User vector từ khảo sát (RECO-03, RECO-09). | E45: Dũng | F45: ANGI Sprint 1 | G45: EP-RECO | H45: 5 | I45: 15/10/2026 | J45: 16/10/2026 | K45: reco critical-path | L45: ANGI-57 | M45: Có | N45: 1.4 | O45: Highest
A46: T003 | B46: Task | C46: [BE] F-02 Verify Email | D46: Use case F-02 Verify Email (Actor: Guest). Allows a user to verify the email address of their account through a verification link or code sent by the system. The system checks the validity and expiry of the verification data, then updates the account's email status when verification succeeds. Endpoint cần làm: - AUTH-02 POST /api/v1/auth/verify-email - AUTH-03 POST /api/v1/auth/verify-email/resend Ghi chú: Token lưu dạng hash trong user_tokens, dùng 1 lần; resend giới hạn 1 lần / 60 giây. Tài liệu: ANGI_Use_Case_Basic_Descriptions_Ver1.0 (use case), ANGI_API_Design_Ver1.7 (sheet Backend API, Chi tiết Request-Response, Mã lỗi), ANGI_Data_Dictionary_Ver1.1 (bảng), coding_rule.md. DoD: Endpoint trả đúng request/response và mã lỗi như ANGI_API_Design_Ver1.7; code theo coding_rule.md; unit test tối thiểu 2 method; hiện trên Scalar; PR được Dũng review. | E46: Hưng | F46: ANGI Sprint 1 | G46: EP-AUTH | H46: 2 | I46: 15/10/2026 | J46: 16/10/2026 | K46: backend iteration1 | L46: ANGI-58 | N46: 3.8 | O46: Medium
A47: T004 | B47: Task | C47: [FE] F-02 Verify Email | D47: Use case F-02 Verify Email (Actor: Guest). Allows a user to verify the email address of their account through a verification link or code sent by the system. The system checks the validity and expiry of the verification data, then updates the account's email status when verification succeeds. Endpoint cần gọi: - AUTH-02 POST /api/v1/auth/verify-email - AUTH-03 POST /api/v1/auth/verify-email/resend Tài liệu: ANGI_Use_Case_Basic_Descriptions_Ver1.0 (use case), ANGI_API_Design_Ver1.7 (sheet JSON mẫu để làm mock data, sheet Mã lỗi để hiện thông báo lỗi). DoD: Màn hình chạy với mock data đúng sheet JSON mẫu, chuyển sang API thật khi BE merge; responsive; PR được Tuấn review. | E47: Đức | F47: ANGI Sprint 1 | G47: EP-AUTH | H47: 1 | I47: 15/10/2026 | J47: 16/10/2026 | K47: frontend iteration1 | L47: ANGI-59 | N47: 5.8 | O47: Medium
A48: T025 | B48: Task | C48: [BE] F-13 View Dish Detail | D48: Use case F-13 View Dish Detail (Actor: Guest, Traveler). Allows a Guest or Traveler to view the details of a dish, including its name, description, characteristics, related information, and the restaurant that serves it. Endpoint cần làm: - DISH-02 GET /api/v1/dishes/{dishId} Tài liệu: ANGI_Use_Case_Basic_Descriptions_Ver1.0 (use case), ANGI_API_Design_Ver1.7 (sheet Backend API, Chi tiết Request-Response, Mã lỗi), ANGI_Data_Dictionary_Ver1.1 (bảng), coding_rule.md. DoD: Endpoint trả đúng request/response và mã lỗi như ANGI_API_Design_Ver1.7; code theo coding_rule.md; unit test tối thiểu 2 method; hiện trên Scalar; PR được Dũng review. | E48: Trọng | F48: ANGI Sprint 1 | G48: EP-DISC | H48: 2 | I48: 15/10/2026 | J48: 16/10/2026 | K48: backend iteration1 | L48: ANGI-60 | N48: 3.7 | O48: Medium
A49: T094 | B49: Task | C49: [FE] F-47 Submit Verification | D49: Use case F-47 Submit Verification (Actor: Restaurant Owner). Allows a Restaurant Owner to submit the information and documents required to request restaurant verification. The system checks that the submission is complete and moves the request to the pending review status. Endpoint cần gọi: - OWN-06 POST /api/v1/owner/restaurant/verifications - MEDIA-01 POST /api/v1/media Tài liệu: ANGI_Use_Case_Basic_Descriptions_Ver1.0 (use case), ANGI_API_Design_Ver1.7 (sheet JSON mẫu để làm mock data, sheet Mã lỗi để hiện thông báo lỗi). DoD: Màn hình chạy với mock data đúng sheet JSON mẫu, chuyển sang API thật khi BE merge; responsive; PR được Dũng review. | E49: Tuấn | F49: ANGI Sprint 1 | G49: EP-REST | H49: 3 | I49: 15/10/2026 | J49: 16/10/2026 | K49: frontend iteration1 | L49: ANGI-61 | N49: 5.5 | O49: Medium
A50: T007 | B50: Task | C50: [BE] F-04 Login with Google | D50: Use case F-04 Login with Google (Actor: Guest). Allows a user to log in or register an ANGI account using a Google account. The system verifies the information from Google, finds or creates the corresponding ANGI account, and establishes a login session for the user. Endpoint cần làm: - AUTH-05 POST /api/v1/auth/google Ghi chú: Xác thực idToken Google, liên kết qua user_external_logins. Tài liệu: ANGI_Use_Case_Basic_Descriptions_Ver1.0 (use case), ANGI_API_Design_Ver1.7 (sheet Backend API, Chi tiết Request-Response, Mã lỗi), ANGI_Data_Dictionary_Ver1.1 (bảng), coding_rule.md. DoD: Endpoint trả đúng request/response và mã lỗi như ANGI_API_Design_Ver1.7; code theo coding_rule.md; unit test tối thiểu 2 method; hiện trên Scalar; PR được Dũng review. | E50: Hưng | F50: ANGI Sprint 1 | G50: EP-AUTH | H50: 3 | I50: 16/10/2026 | J50: 16/10/2026 | K50: backend iteration1 | L50: ANGI-62 | N50: 3.2 | O50: Medium
A51: T026 | B51: Task | C51: [FE] F-13 View Dish Detail | D51: Use case F-13 View Dish Detail (Actor: Guest, Traveler). Allows a Guest or Traveler to view the details of a dish, including its name, description, characteristics, related information, and the restaurant that serves it. Endpoint cần gọi: - DISH-02 GET /api/v1/dishes/{dishId} Tài liệu: ANGI_Use_Case_Basic_Descriptions_Ver1.0 (use case), ANGI_API_Design_Ver1.7 (sheet JSON mẫu để làm mock data, sheet Mã lỗi để hiện thông báo lỗi). DoD: Màn hình chạy với mock data đúng sheet JSON mẫu, chuyển sang API thật khi BE merge; responsive; PR được Tuấn review. | E51: Đức | F51: ANGI Sprint 1 | G51: EP-DISC | H51: 2 | I51: 16/10/2026 | J51: 16/10/2026 | K51: frontend iteration1 | L51: ANGI-63 | N51: 5.2 | O51: Medium
A52: T027 | B52: Task | C52: [BE] F-14 View Corresponding Restaurant Detail | D52: Use case F-14 View Corresponding Restaurant Detail (Actor: Guest, Traveler). Allows a Guest or Traveler to view the details of the eatery/restaurant that serves a specific dish, including basic information, address, location, opening hours, menu, rating, and other related information. Endpoint cần làm: - REST-02 GET /api/v1/restaurants/{restaurantId} - DISH-02 GET /api/v1/dishes/{dishId} Tài liệu: ANGI_Use_Case_Basic_Descriptions_Ver1.0 (use case), ANGI_API_Design_Ver1.7 (sheet Backend API, Chi tiết Request-Response, Mã lỗi), ANGI_Data_Dictionary_Ver1.1 (bảng), coding_rule.md. DoD: Endpoint trả đúng request/response và mã lỗi như ANGI_API_Design_Ver1.7; code theo coding_rule.md; unit test tối thiểu 2 method; hiện trên Scalar; PR được Dũng review. | E52: Trọng | F52: ANGI Sprint 1 | G52: EP-DISC | H52: 1 | I52: 16/10/2026 | J52: 16/10/2026 | K52: backend iteration1 | L52: ANGI-64 | N52: 3.4 | O52: Medium
A53: T096 | B53: Task | C53: [FE] F-48 View Verification Status | D53: Use case F-48 View Verification Status (Actor: Restaurant Owner). Allows a Restaurant Owner to view the current status of the restaurant verification request, such as pending, approved, or rejected, along with any feedback. Endpoint cần gọi: - OWN-07 GET /api/v1/owner/restaurant/verifications Tài liệu: ANGI_Use_Case_Basic_Descriptions_Ver1.0 (use case), ANGI_API_Design_Ver1.7 (sheet JSON mẫu để làm mock data, sheet Mã lỗi để hiện thông báo lỗi). DoD: Màn hình chạy với mock data đúng sheet JSON mẫu, chuyển sang API thật khi BE merge; responsive; PR được Dũng review. | E53: Tuấn | F53: ANGI Sprint 1 | G53: EP-REST | H53: 1 | I53: 16/10/2026 | J53: 16/10/2026 | K53: frontend iteration1 | L53: ANGI-65 | N53: 5.1 | O53: Medium
A54: T009 | B54: Task | C54: [BE] F-05 Forgot Password | D54: Use case F-05 Forgot Password (Actor: Guest). Allows a user to request password recovery when they cannot remember their current password. The user provides the required identifying information; the system checks the account and then sends the information or link needed to reset the password. Endpoint cần làm: - AUTH-08 POST /api/v1/auth/forgot-password Ghi chú: Luôn trả 200 (data null) dù email có tồn tại hay không (AUTH-08); giới hạn 1 lần / 60 giây. Tài liệu: ANGI_Use_Case_Basic_Descriptions_Ver1.0 (use case), ANGI_API_Design_Ver1.7 (sheet Backend API, Chi tiết Request-Response, Mã lỗi), ANGI_Data_Dictionary_Ver1.1 (bảng), coding_rule.md. DoD: Endpoint trả đúng request/response và mã lỗi như ANGI_API_Design_Ver1.7; code theo coding_rule.md; unit test tối thiểu 2 method; hiện trên Scalar; PR được Dũng review. | E54: Hưng | F54: ANGI Sprint 1 | G54: EP-AUTH | H54: 2 | I54: 16/10/2026 | J54: 17/10/2026 | K54: backend iteration1 | L54: ANGI-66 | N54: 2.8 | O54: Medium
A55: T028 | B55: Task | C55: [FE] F-14 View Corresponding Restaurant Detail | D55: Use case F-14 View Corresponding Restaurant Detail (Actor: Guest, Traveler). Allows a Guest or Traveler to view the details of the eatery/restaurant that serves a specific dish, including basic information, address, location, opening hours, menu, rating, and other related information. Endpoint cần gọi: - REST-02 GET /api/v1/restaurants/{restaurantId} - DISH-02 GET /api/v1/dishes/{dishId} Tài liệu: ANGI_Use_Case_Basic_Descriptions_Ver1.0 (use case), ANGI_API_Design_Ver1.7 (sheet JSON mẫu để làm mock data, sheet Mã lỗi để hiện thông báo lỗi). DoD: Màn hình chạy với mock data đúng sheet JSON mẫu, chuyển sang API thật khi BE merge; responsive; PR được Tuấn review. | E55: Đức | F55: ANGI Sprint 1 | G55: EP-DISC | H55: 1 | I55: 16/10/2026 | J55: 17/10/2026 | K55: frontend iteration1 | L55: ANGI-67 | N55: 4.9 | O55: Medium
A56: T098 | B56: Task | C56: [FE] F-49 Resubmit Verification | D56: Use case F-49 Resubmit Verification (Actor: Restaurant Owner). Allows a Restaurant Owner to resubmit a verification request after the previous submission was rejected or more information was requested. The system receives the updated data and creates a new submission for review. Endpoint cần gọi: - OWN-08 POST /api/v1/owner/restaurant/verifications/{verificationId}/resubmit Tài liệu: ANGI_Use_Case_Basic_Descriptions_Ver1.0 (use case), ANGI_API_Design_Ver1.7 (sheet JSON mẫu để làm mock data, sheet Mã lỗi để hiện thông báo lỗi). DoD: Màn hình chạy với mock data đúng sheet JSON mẫu, chuyển sang API thật khi BE merge; responsive; PR được Dũng review. | E56: Tuấn | F56: ANGI Sprint 1 | G56: EP-REST | H56: 2 | I56: 16/10/2026 | J56: 17/10/2026 | K56: frontend iteration1 | L56: ANGI-68 | N56: 4.4 | O56: Medium
A57: T023 | B57: Task | C57: [BE] F-12 Browse Dish | D57: [CRITICAL PATH] Task này nằm trên đường găng: dự phòng tối đa 1 ngày. Phải xong đúng Due Date 17/10/2026; trễ 1 ngày thì mốc "Software Package Version 1" (25/10/2026) bị trễ theo. Ảnh hưởng trực tiếp tới: [BE] F-18 Roll Dish; Code freeze + tích hợp Iteration 1: merge PR vào dev, chạy toàn hệ thống. Cần xong trước khi bắt đầu: Reco client trong backend .NET (IRecommendationService); Reco P1: Cold start (Pooled Wilson) + Content-based, RECO-05 /recommendations, RECO-06 /impressions; Database: ANGIContext schema core, base class, initial migration; Backend: ExceptionHandlingMiddleware, cấu hình JWT, CORS, rate limit; Seed data: nhà hàng đã verify, món, user test cho mọi role. Gặp vướng thì báo ngay trong ngày cho Dũng (PM), không đợi họp. Use case F-12 Browse Dish (Actor: Guest, Traveler). Allows a Guest or Traveler to browse the list of dishes on ANGI. Users can view basic information and use the supported filtering or search options to discover suitable dishes. Endpoint cần làm: - DISH-01 GET /api/v1/dishes - IMP-01 POST /api/v1/impressions - CAT-02 GET /api/v1/tags Ghi chú: Backend lọc ứng viên (tag, giá, bữa…) rồi gọi RECO-05; trả cursor + requestId. App gửi IMP-01 để ghi impression. Tài liệu: ANGI_Use_Case_Basic_Descriptions_Ver1.0 (use case), ANGI_API_Design_Ver1.7 (sheet Backend API, Chi tiết Request-Response, Mã lỗi), ANGI_Data_Dictionary_Ver1.1 (bảng), coding_rule.md. DoD: Endpoint trả đúng request/response và mã lỗi như ANGI_API_Design_Ver1.7; code theo coding_rule.md; unit test tối thiểu 2 method; hiện trên Scalar; PR được Dũng review. | Làm sau: Reco client trong backend .NET (IRecommendationService), Reco P1: Cold start (Pooled Wilson) + Content-based, RECO-05 /recommendations, RECO-06 /impressions. | E57: Trọng | F57: ANGI Sprint 1 | G57: EP-DISC | H57: 3 | I57: 17/10/2026 | J57: 17/10/2026 | K57: backend iteration1 critical-path | L57: ANGI-69 | M57: Có | N57: 1.4 | O57: Highest
A58: T011 | B58: Task | C58: [BE] F-06 Reset Password | D58: Use case F-06 Reset Password (Actor: Guest). Allows a user to set a new password through the password recovery process. The system verifies that the reset request is valid, checks the requirements for the new password, and updates the account's credentials. Endpoint cần làm: - AUTH-09 POST /api/v1/auth/reset-password Ghi chú: Đổi mật khẩu xong thì thu hồi mọi phiên (user_sessions.revoked_at). Tài liệu: ANGI_Use_Case_Basic_Descriptions_Ver1.0 (use case), ANGI_API_Design_Ver1.7 (sheet Backend API, Chi tiết Request-Response, Mã lỗi), ANGI_Data_Dictionary_Ver1.1 (bảng), coding_rule.md. DoD: Endpoint trả đúng request/response và mã lỗi như ANGI_API_Design_Ver1.7; code theo coding_rule.md; unit test tối thiểu 2 method; hiện trên Scalar; PR được Dũng review. | E58: Hưng | F58: ANGI Sprint 1 | G58: EP-AUTH | H58: 2 | I58: 17/10/2026 | J58: 17/10/2026 | K58: backend iteration1 | L58: ANGI-70 | N58: 2.3 | O58: Medium
A59: T033 | B59: Task | C59: [BE] F-17 Set Up Preference Profile | D59: Use case F-17 Set Up Preference Profile (Actor: Traveler). Allows a Traveler to set up an initial preference profile by answering the system's questions on first use, to support the recommendation system. The system stores the answers as the initial input data for the preference profile. Endpoint cần làm: - PREF-02 POST /api/v1/me/preference-survey - PREF-03 POST /api/v1/me/preference-survey/skip Ghi chú: Câu trả lời khảo sát chỉ lưu ở reco: gọi RECO-03 trực tiếp; bỏ qua = PREF-03 gửi answers rỗng. Tài liệu: ANGI_Use_Case_Basic_Descriptions_Ver1.0 (use case), ANGI_API_Design_Ver1.7 (sheet Backend API, Chi tiết Request-Response, Mã lỗi), ANGI_Data_Dictionary_Ver1.1 (bảng), coding_rule.md. DoD: Endpoint trả đúng request/response và mã lỗi như ANGI_API_Design_Ver1.7; code theo coding_rule.md; unit test tối thiểu 2 method; hiện trên Scalar; PR được Hưng review. | Làm sau: Reco P1: User vector từ khảo sát (RECO-03, RECO-09). | E59: Dũng | F59: ANGI Sprint 1 | G59: EP-DISC | H59: 3 | I59: 17/10/2026 | J59: 17/10/2026 | K59: backend iteration1 | L59: ANGI-71 | N59: 2 | O59: Medium
A60: T021 | B60: Task | C60: [BE] F-11 View Home Page | D60: [CRITICAL PATH] Task này nằm trên đường găng: dự phòng tối đa 1 ngày. Phải xong đúng Due Date 18/10/2026; trễ 1 ngày thì mốc "Software Package Version 1" (25/10/2026) bị trễ theo. Ảnh hưởng trực tiếp tới: Code freeze + tích hợp Iteration 1: merge PR vào dev, chạy toàn hệ thống. Cần xong trước khi bắt đầu: Reco P1: Cold start (Pooled Wilson) + Content-based, RECO-05 /recommendations, RECO-06 /impressions; Database: ANGIContext schema core, base class, initial migration; Backend: ExceptionHandlingMiddleware, cấu hình JWT, CORS, rate limit; Seed data: nhà hàng đã verify, món, user test cho mọi role. Gặp vướng thì báo ngay trong ngày cho Dũng (PM), không đợi họp. Use case F-11 View Home Page (Actor: Guest, Traveler). Allows a Guest or Traveler to view the Home Page, which shows information such as trending dishes, top restaurants, highly interacted user blogs, web banners, etc. Endpoint cần làm: - HOME-01 GET /api/v1/home - IMP-01 POST /api/v1/impressions Ghi chú: Món gợi ý lấy qua IRecommendationService (RECO-05). Reco lỗi hoặc quá 800 ms thì xếp theo rating quán (project_architecture.md mục 2). Tài liệu: ANGI_Use_Case_Basic_Descriptions_Ver1.0 (use case), ANGI_API_Design_Ver1.7 (sheet Backend API, Chi tiết Request-Response, Mã lỗi), ANGI_Data_Dictionary_Ver1.1 (bảng), coding_rule.md. DoD: Endpoint trả đúng request/response và mã lỗi như ANGI_API_Design_Ver1.7; code theo coding_rule.md; unit test tối thiểu 2 method; hiện trên Scalar; PR được Dũng review. | Làm sau: Reco P1: Cold start (Pooled Wilson) + Content-based, RECO-05 /recommendations, RECO-06 /impressions. | E60: Trọng | F60: ANGI Sprint 1 | G60: EP-DISC | H60: 3 | I60: 17/10/2026 | J60: 18/10/2026 | K60: backend iteration1 critical-path | L60: ANGI-72 | M60: Có | N60: 1.4 | O60: Highest
A61: T024 | B61: Task | C61: [FE] F-12 Browse Dish | D61: Use case F-12 Browse Dish (Actor: Guest, Traveler). Allows a Guest or Traveler to browse the list of dishes on ANGI. Users can view basic information and use the supported filtering or search options to discover suitable dishes. Endpoint cần gọi: - DISH-01 GET /api/v1/dishes - IMP-01 POST /api/v1/impressions - CAT-02 GET /api/v1/tags Tài liệu: ANGI_Use_Case_Basic_Descriptions_Ver1.0 (use case), ANGI_API_Design_Ver1.7 (sheet JSON mẫu để làm mock data, sheet Mã lỗi để hiện thông báo lỗi). DoD: Màn hình chạy với mock data đúng sheet JSON mẫu, chuyển sang API thật khi BE merge; responsive; PR được Tuấn review. | E61: Đức | F61: ANGI Sprint 1 | G61: EP-DISC | H61: 3 | I61: 17/10/2026 | J61: 18/10/2026 | K61: frontend iteration1 | L61: ANGI-73 | N61: 3.9 | O61: Medium
A62: T034 | B62: Task | C62: [FE] F-17 Set Up Preference Profile | D62: Use case F-17 Set Up Preference Profile (Actor: Traveler). Allows a Traveler to set up an initial preference profile by answering the system's questions on first use, to support the recommendation system. The system stores the answers as the initial input data for the preference profile. Endpoint cần gọi: - PREF-02 POST /api/v1/me/preference-survey - PREF-03 POST /api/v1/me/preference-survey/skip Tài liệu: ANGI_Use_Case_Basic_Descriptions_Ver1.0 (use case), ANGI_API_Design_Ver1.7 (sheet JSON mẫu để làm mock data, sheet Mã lỗi để hiện thông báo lỗi). DoD: Màn hình chạy với mock data đúng sheet JSON mẫu, chuyển sang API thật khi BE merge; responsive; PR được Dũng review. | E62: Tuấn | F62: ANGI Sprint 1 | G62: EP-DISC | H62: 2 | I62: 17/10/2026 | J62: 18/10/2026 | K62: frontend iteration1 | L62: ANGI-74 | N62: 3.6 | O62: Medium
A63: T093 | B63: Task | C63: [BE] F-47 Submit Verification | D63: Use case F-47 Submit Verification (Actor: Restaurant Owner). Allows a Restaurant Owner to submit the information and documents required to request restaurant verification. The system checks that the submission is complete and moves the request to the pending review status. Endpoint cần làm: - OWN-06 POST /api/v1/owner/restaurant/verifications - MEDIA-01 POST /api/v1/media Tài liệu: ANGI_Use_Case_Basic_Descriptions_Ver1.0 (use case), ANGI_API_Design_Ver1.7 (sheet Backend API, Chi tiết Request-Response, Mã lỗi), ANGI_Data_Dictionary_Ver1.1 (bảng), coding_rule.md. DoD: Endpoint trả đúng request/response và mã lỗi như ANGI_API_Design_Ver1.7; code theo coding_rule.md; unit test tối thiểu 2 method; hiện trên Scalar; PR được Dũng review. | E63: Hưng | F63: ANGI Sprint 1 | G63: EP-REST | H63: 3 | I63: 17/10/2026 | J63: 18/10/2026 | K63: backend iteration1 | L63: ANGI-75 | N63: 1.7 | O63: Medium
A64: T101 | B64: Task | C64: [BE] F-51 Submit Menu for Approval | D64: [CRITICAL PATH] Task này nằm trên đường găng: dự phòng tối đa 1 ngày. Phải xong đúng Due Date 18/10/2026; trễ 1 ngày thì mốc "Software Package Version 1" (25/10/2026) bị trễ theo. Ảnh hưởng trực tiếp tới: [FE] F-51 Submit Menu for Approval; Code freeze + tích hợp Iteration 1: merge PR vào dev, chạy toàn hệ thống. Cần xong trước khi bắt đầu: Database: ANGIContext schema core, base class, initial migration; Backend: ExceptionHandlingMiddleware, cấu hình JWT, CORS, rate limit. Gặp vướng thì báo ngay trong ngày cho Dũng (PM), không đợi họp. Use case F-51 Submit Menu for Approval (Actor: Restaurant Owner). Allows a Restaurant Owner to submit completed menu changes to the system for review and approval. The system moves the menu/submission to the pending approval status. Endpoint cần làm: - OWN-17 POST /api/v1/owner/restaurant/menu-submissions/{submissionId}/submit Tài liệu: ANGI_Use_Case_Basic_Descriptions_Ver1.0 (use case), ANGI_API_Design_Ver1.7 (sheet Backend API, Chi tiết Request-Response, Mã lỗi), ANGI_Data_Dictionary_Ver1.1 (bảng), coding_rule.md. DoD: Endpoint trả đúng request/response và mã lỗi như ANGI_API_Design_Ver1.7; code theo coding_rule.md; unit test tối thiểu 2 method; hiện trên Scalar; PR được Dũng review. | E64: Hưng | F64: ANGI Sprint 1 | G64: EP-REST | H64: 3 | I64: 18/10/2026 | J64: 18/10/2026 | K64: backend iteration1 critical-path | L64: ANGI-76 | M64: Có | N64: 1 | O64: Highest
A65: T145 | B65: Task | C65: Outbox worker (.NET) gửi thay đổi món và like/dislike sang reco | D65: BackgroundService đọc outbox_messages, gửi kèm Idempotency-Key, thử lại theo backoff, chuyển dead khi lỗi 4xx hoặc quá số lần thử. Chi tiết luồng: project_architecture.md mục 7. | Làm sau: Reco P1: Sinh dish vector (RECO-01 upsert, RECO-02 deactivate), [BE] F-50 Manage Restaurant Menu. | E65: Dũng | F65: ANGI Sprint 1 | G65: EP-SETUP | H65: 3 | I65: 18/10/2026 | J65: 18/10/2026 | K65: devops | L65: ANGI-77 | N65: 3 | O65: Medium
A66: T035 | B66: Task | C66: [BE] F-18 Roll Dish | D66: [CRITICAL PATH] Task này nằm trên đường găng: dự phòng tối đa 1 ngày. Phải xong đúng Due Date 19/10/2026; trễ 1 ngày thì mốc "Software Package Version 1" (25/10/2026) bị trễ theo. Ảnh hưởng trực tiếp tới: [FE] F-18 Roll Dish; Code freeze + tích hợp Iteration 1: merge PR vào dev, chạy toàn hệ thống. Cần xong trước khi bắt đầu: [BE] F-12 Browse Dish; Database: ANGIContext schema core, base class, initial migration; Backend: ExceptionHandlingMiddleware, cấu hình JWT, CORS, rate limit; Seed data: nhà hàng đã verify, món, user test cho mọi role. Gặp vướng thì báo ngay trong ngày cho Dũng (PM), không đợi họp. Use case F-18 Roll Dish (Actor: Traveler). Allows a Traveler to ask the system to randomly pick a dish from the set of suitable or supported dishes. The system selects a dish and shows the information needed for the user to discover a new dish. Endpoint cần làm: - DISH-03 POST /api/v1/dishes/roll Ghi chú: Chỉ món của nhà hàng đã verify; xếp hạng qua RECO-05 rồi chọn, gửi RECO-06 cho món đã hiện; lưu dish_rolls. Tài liệu: ANGI_Use_Case_Basic_Descriptions_Ver1.0 (use case), ANGI_API_Design_Ver1.7 (sheet Backend API, Chi tiết Request-Response, Mã lỗi), ANGI_Data_Dictionary_Ver1.1 (bảng), coding_rule.md. DoD: Endpoint trả đúng request/response và mã lỗi như ANGI_API_Design_Ver1.7; code theo coding_rule.md; unit test tối thiểu 2 method; hiện trên Scalar; PR được Dũng review. | Làm sau: [BE] F-12 Browse Dish. | E66: Trọng | F66: ANGI Sprint 1 | G66: EP-DISC | H66: 3 | I66: 18/10/2026 | J66: 19/10/2026 | K66: backend iteration1 critical-path | L66: ANGI-78 | M66: Có | N66: 0.6 | O66: Highest
A67: T022 | B67: Task | C67: [FE] F-11 View Home Page | D67: Use case F-11 View Home Page (Actor: Guest, Traveler). Allows a Guest or Traveler to view the Home Page, which shows information such as trending dishes, top restaurants, highly interacted user blogs, web banners, etc. Endpoint cần gọi: - HOME-01 GET /api/v1/home - IMP-01 POST /api/v1/impressions Tài liệu: ANGI_Use_Case_Basic_Descriptions_Ver1.0 (use case), ANGI_API_Design_Ver1.7 (sheet JSON mẫu để làm mock data, sheet Mã lỗi để hiện thông báo lỗi). DoD: Màn hình chạy với mock data đúng sheet JSON mẫu, chuyển sang API thật khi BE merge; responsive; PR được Tuấn review. | E67: Đức | F67: ANGI Sprint 1 | G67: EP-DISC | H67: 3 | I67: 18/10/2026 | J67: 19/10/2026 | K67: frontend iteration1 | L67: ANGI-79 | N67: 2.9 | O67: Medium
A68: T100 | B68: Task | C68: [FE] F-50 Manage Restaurant Menu | D68: Use case F-50 Manage Restaurant Menu (Actor: Restaurant Owner). Allows a Restaurant Owner to manage the restaurant's menu, including adding, editing, or removing dishes and related information. Changes may need to go through an approval process depending on the status of the restaurant and the menu. Endpoint cần gọi: - OWN-09 GET /api/v1/owner/restaurant/menu - OWN-10 PUT /api/v1/owner/restaurant/menu/dishes/{dishId}/availability - OWN-11 POST /api/v1/owner/restaurant/menu-submissions - OWN-12 GET /api/v1/owner/restaurant/menu-submissions - OWN-13 GET /api/v1/owner/restaurant/menu-submissions/{submissionId} - OWN-14 POST /api/v1/owner/restaurant/menu-submissions/{submissionId}/items - OWN-15 PATCH /api/v1/owner/restaurant/menu-submissions/{submissionId}/items/{itemId} - OWN-16 DELETE /api/v1/owner/restaurant/menu-submissions/{submissionId}/items/{itemId} - OWN-18 POST /api/v1/owner/restaurant/menu-submissions/{submissionId}/cancel Tài liệu: ANGI_Use_Case_Basic_Descriptions_Ver1.0 (use case), ANGI_API_Design_Ver1.7 (sheet JSON mẫu để làm mock data, sheet Mã lỗi để hiện thông báo lỗi). DoD: Màn hình chạy với mock data đúng sheet JSON mẫu, chuyển sang API thật khi BE merge; responsive; PR được Dũng review. | E68: Tuấn | F68: ANGI Sprint 1 | G68: EP-REST | H68: 5 | I68: 18/10/2026 | J68: 20/10/2026 | K68: frontend iteration1 | L68: ANGI-80 | N68: 1.8 | O68: High
A69: T010 | B69: Task | C69: [FE] F-05 Forgot Password | D69: Use case F-05 Forgot Password (Actor: Guest). Allows a user to request password recovery when they cannot remember their current password. The user provides the required identifying information; the system checks the account and then sends the information or link needed to reset the password. Endpoint cần gọi: - AUTH-08 POST /api/v1/auth/forgot-password Tài liệu: ANGI_Use_Case_Basic_Descriptions_Ver1.0 (use case), ANGI_API_Design_Ver1.7 (sheet JSON mẫu để làm mock data, sheet Mã lỗi để hiện thông báo lỗi). DoD: Màn hình chạy với mock data đúng sheet JSON mẫu, chuyển sang API thật khi BE merge; responsive; PR được Tuấn review. | E69: Đức | F69: ANGI Sprint 1 | G69: EP-AUTH | H69: 1 | I69: 19/10/2026 | J69: 19/10/2026 | K69: frontend iteration1 | L69: ANGI-81 | N69: 2.6 | O69: Medium
A70: T012 | B70: Task | C70: [FE] F-06 Reset Password | D70: Use case F-06 Reset Password (Actor: Guest). Allows a user to set a new password through the password recovery process. The system verifies that the reset request is valid, checks the requirements for the new password, and updates the account's credentials. Endpoint cần gọi: - AUTH-09 POST /api/v1/auth/reset-password Tài liệu: ANGI_Use_Case_Basic_Descriptions_Ver1.0 (use case), ANGI_API_Design_Ver1.7 (sheet JSON mẫu để làm mock data, sheet Mã lỗi để hiện thông báo lỗi). DoD: Màn hình chạy với mock data đúng sheet JSON mẫu, chuyển sang API thật khi BE merge; responsive; PR được Tuấn review. | E70: Đức | F70: ANGI Sprint 1 | G70: EP-AUTH | H70: 1 | I70: 19/10/2026 | J70: 19/10/2026 | K70: frontend iteration1 | L70: ANGI-82 | N70: 2.3 | O70: Medium
A71: T008 | B71: Task | C71: [FE] F-04 Login with Google | D71: Use case F-04 Login with Google (Actor: Guest). Allows a user to log in or register an ANGI account using a Google account. The system verifies the information from Google, finds or creates the corresponding ANGI account, and establishes a login session for the user. Endpoint cần gọi: - AUTH-05 POST /api/v1/auth/google Tài liệu: ANGI_Use_Case_Basic_Descriptions_Ver1.0 (use case), ANGI_API_Design_Ver1.7 (sheet JSON mẫu để làm mock data, sheet Mã lỗi để hiện thông báo lỗi). DoD: Màn hình chạy với mock data đúng sheet JSON mẫu, chuyển sang API thật khi BE merge; responsive; PR được Tuấn review. | E71: Đức | F71: ANGI Sprint 1 | G71: EP-AUTH | H71: 2 | I71: 19/10/2026 | J71: 20/10/2026 | K71: frontend iteration1 | L71: ANGI-83 | N71: 1.6 | O71: Medium
A72: T193 | B72: Task | C72: Deploy staging lần đầu (Render + Vercel) từ nhánh dev | D72: Dựng sẵn môi trường trên Render (backend, reco, PostgreSQL + pgvector) và Vercel (frontend) từ nhánh dev: biến môi trường, chạy migration khi deploy, CORS, domain. Mục tiêu: lỗi môi trường lộ ra trước code freeze, ngày phát hành Software Package V1 chỉ còn việc deploy lại. | E72: Dũng | F72: ANGI Sprint 1 | G72: EP-QA | H72: 2 | I72: 19/10/2026 | J72: 20/10/2026 | K72: devops | L72: ANGI-84 | N72: 4 | O72: Medium
A73: T036 | B73: Task | C73: [FE] F-18 Roll Dish | D73: [CRITICAL PATH] Task này nằm trên đường găng: dự phòng tối đa 1 ngày. Phải xong đúng Due Date 20/10/2026; trễ 1 ngày thì mốc "Software Package Version 1" (25/10/2026) bị trễ theo. Ảnh hưởng trực tiếp tới: Code freeze + tích hợp Iteration 1: merge PR vào dev, chạy toàn hệ thống. Cần xong trước khi bắt đầu: Khung Next.js: layout, routing theo role, API client, auth guard, UI kit; Wireframe/mockup các màn hình Iteration 1. Làm song song với [BE] F-18 Roll Dish (dùng mock data), nối API thật khi BE merge. Gặp vướng thì báo ngay trong ngày cho Dũng (PM), không đợi họp. Use case F-18 Roll Dish (Actor: Traveler). Allows a Traveler to ask the system to randomly pick a dish from the set of suitable or supported dishes. The system selects a dish and shows the information needed for the user to discover a new dish. Endpoint cần gọi: - DISH-03 POST /api/v1/dishes/roll Tài liệu: ANGI_Use_Case_Basic_Descriptions_Ver1.0 (use case), ANGI_API_Design_Ver1.7 (sheet JSON mẫu để làm mock data, sheet Mã lỗi để hiện thông báo lỗi). DoD: Màn hình chạy với mock data đúng sheet JSON mẫu, chuyển sang API thật khi BE merge; responsive; PR được Tuấn review. | E73: Đức | F73: ANGI Sprint 1 | G73: EP-DISC | H73: 2 | I73: 20/10/2026 | J73: 20/10/2026 | K73: frontend iteration1 critical-path | L73: ANGI-85 | M73: Có | N73: 1 | O73: Highest
A74: T102 | B74: Task | C74: [FE] F-51 Submit Menu for Approval | D74: [CRITICAL PATH] Task này nằm trên đường găng: dự phòng tối đa 1 ngày. Phải xong đúng Due Date 20/10/2026; trễ 1 ngày thì mốc "Software Package Version 1" (25/10/2026) bị trễ theo. Ảnh hưởng trực tiếp tới: Code freeze + tích hợp Iteration 1: merge PR vào dev, chạy toàn hệ thống. Cần xong trước khi bắt đầu: Khung Next.js: layout, routing theo role, API client, auth guard, UI kit; Wireframe/mockup các màn hình Iteration 1. Làm song song với [BE] F-51 Submit Menu for Approval (dùng mock data), nối API thật khi BE merge. Gặp vướng thì báo ngay trong ngày cho Dũng (PM), không đợi họp. Use case F-51 Submit Menu for Approval (Actor: Restaurant Owner). Allows a Restaurant Owner to submit completed menu changes to the system for review and approval. The system moves the menu/submission to the pending approval status. Endpoint cần gọi: - OWN-17 POST /api/v1/owner/restaurant/menu-submissions/{submissionId}/submit Tài liệu: ANGI_Use_Case_Basic_Descriptions_Ver1.0 (use case), ANGI_API_Design_Ver1.7 (sheet JSON mẫu để làm mock data, sheet Mã lỗi để hiện thông báo lỗi). DoD: Màn hình chạy với mock data đúng sheet JSON mẫu, chuyển sang API thật khi BE merge; responsive; PR được Dũng review. | E74: Tuấn | F74: ANGI Sprint 1 | G74: EP-REST | H74: 2 | I74: 20/10/2026 | J74: 20/10/2026 | K74: frontend iteration1 critical-path | L74: ANGI-86 | M74: Có | N74: 1 | O74: Highest
A75: T161 | B75: Task | C75: Unit Testing Report Iteration 1 | D75: Mỗi dev tối thiểu 2 method/module; Trọng tổng hợp. | E75: Trọng | F75: ANGI Sprint 1 | G75: EP-DOC | H75: 1 | I75: 20/10/2026 | J75: 20/10/2026 | K75: docs | L75: ANGI-87 | N75: 54 | O75: Medium
A76: T174 | B76: Task | C76: Report 5: Integration Test Cases Iteration 1 | D76: [CRITICAL PATH] Task này nằm trên đường găng: dự phòng tối đa 1 ngày. Phải xong đúng Due Date 21/10/2026; trễ 1 ngày thì mốc "Software Package Version 1" (25/10/2026) bị trễ theo. Ảnh hưởng trực tiếp tới: Report 5: Integration Test Report Iteration 1. Gặp vướng thì báo ngay trong ngày cho Dũng (PM), không đợi họp. Viết theo use case Iteration 1 (ANGI_Use_Case_Basic_Descriptions_Ver1.0) và endpoint tương ứng (ANGI_API_Design_Ver1.7). | E76: Đức | F76: ANGI Sprint 1 | G76: EP-QA | H76: 2 | I76: 20/10/2026 | J76: 21/10/2026 | K76: qa critical-path | L76: ANGI-88 | M76: Có | N76: 1 | O76: Highest
A77: T171 | B77: Task | C77: Code freeze + tích hợp Iteration 1: merge PR vào dev, chạy toàn hệ thống | D77: [CRITICAL PATH] Task này nằm trên đường găng: dự phòng tối đa 1 ngày. Phải xong đúng Due Date 21/10/2026; trễ 1 ngày thì mốc "Software Package Version 1" (25/10/2026) bị trễ theo. Ảnh hưởng trực tiếp tới: Report 5: Integration Test Report Iteration 1. Cần xong trước khi bắt đầu: toàn bộ 56 task code (BE, FE, Reco) của ANGI Sprint 1. Gặp vướng thì báo ngay trong ngày cho Dũng (PM), không đợi họp. Hết ngày code due mọi PR của iteration phải được review và merge vào dev. Ngày này: merge PR còn lại, khóa dev (chỉ nhận PR fix bug), chạy backend + reco + frontend từ dev, smoke test các luồng chính, gắn tag iteration-1. Sau đó Đức/Trọng chạy integration test; lỗi tìm được tạo issue Bug giao cho người làm feature đó, sửa trước ngày phát hành bản của iteration. | E77: Dũng | F77: ANGI Sprint 1 | G77: EP-QA | H77: 2 | I77: 21/10/2026 | J77: 21/10/2026 | K77: release critical-path | L77: ANGI-89 | M77: Có | N77: 1 | O77: Highest
A78: T175 | B78: Task | C78: Report 5: Integration Test Report Iteration 1 | D78: [CRITICAL PATH] Task này nằm trên đường găng: dự phòng tối đa 1 ngày. Phải xong đúng Due Date 23/10/2026; trễ 1 ngày thì mốc "Software Package Version 1" (25/10/2026) bị trễ theo. Ảnh hưởng trực tiếp tới: Software Package Version 1 (deploy + release note). Cần xong trước khi bắt đầu: Code freeze + tích hợp Iteration 1: merge PR vào dev, chạy toàn hệ thống; Report 5: Integration Test Cases Iteration 1. Gặp vướng thì báo ngay trong ngày cho Dũng (PM), không đợi họp. Chạy test case trên bản tag iteration-1; lỗi tạo issue Bug. | E78: Trọng | F78: ANGI Sprint 1 | G78: EP-QA | H78: 2 | I78: 22/10/2026 | J78: 23/10/2026 | K78: qa critical-path | L78: ANGI-90 | M78: Có | N78: 1 | O78: Highest
A79: T196 | B79: Task | C79: Fix bug integration test Iteration 1 (backend) | D79: [CRITICAL PATH] Task này nằm trên đường găng: dự phòng tối đa 1 ngày. Phải xong đúng Due Date 24/10/2026; trễ 1 ngày thì mốc "Software Package Version 1" (25/10/2026) bị trễ theo. Ảnh hưởng trực tiếp tới: Software Package Version 1 (deploy + release note). Gặp vướng thì báo ngay trong ngày cho Dũng (PM), không đợi họp. Sửa các Bug tạo ra từ Integration Test Iteration 1 thuộc phần mình làm, merge vào dev trước ngày phát hành Software Package V1. Không có bug thì đóng task. | E79: Hưng | F79: ANGI Sprint 1 | G79: EP-QA | H79: 1 | I79: 22/10/2026 | J79: 24/10/2026 | K79: bugfix critical-path | L79: ANGI-91 | M79: Có | N79: 0 | O79: Highest
A80: T197 | B80: Task | C80: Fix bug integration test Iteration 1 (backend) | D80: [CRITICAL PATH] Task này nằm trên đường găng: dự phòng tối đa 1 ngày. Phải xong đúng Due Date 24/10/2026; trễ 1 ngày thì mốc "Software Package Version 1" (25/10/2026) bị trễ theo. Ảnh hưởng trực tiếp tới: Software Package Version 1 (deploy + release note). Gặp vướng thì báo ngay trong ngày cho Dũng (PM), không đợi họp. Sửa các Bug tạo ra từ Integration Test Iteration 1 thuộc phần mình làm, merge vào dev trước ngày phát hành Software Package V1. Không có bug thì đóng task. | E80: Trọng | F80: ANGI Sprint 1 | G80: EP-QA | H80: 1 | I80: 22/10/2026 | J80: 24/10/2026 | K80: bugfix critical-path | L80: ANGI-92 | M80: Có | N80: 0 | O80: Highest
A81: T198 | B81: Task | C81: Fix bug integration test Iteration 1 (frontend) | D81: [CRITICAL PATH] Task này nằm trên đường găng: dự phòng tối đa 1 ngày. Phải xong đúng Due Date 24/10/2026; trễ 1 ngày thì mốc "Software Package Version 1" (25/10/2026) bị trễ theo. Ảnh hưởng trực tiếp tới: Software Package Version 1 (deploy + release note). Gặp vướng thì báo ngay trong ngày cho Dũng (PM), không đợi họp. Sửa các Bug tạo ra từ Integration Test Iteration 1 thuộc phần mình làm, merge vào dev trước ngày phát hành Software Package V1. Không có bug thì đóng task. | E81: Tuấn | F81: ANGI Sprint 1 | G81: EP-QA | H81: 1 | I81: 22/10/2026 | J81: 24/10/2026 | K81: bugfix critical-path | L81: ANGI-93 | M81: Có | N81: 0 | O81: Highest
A82: T199 | B82: Task | C82: Fix bug integration test Iteration 1 (frontend) | D82: [CRITICAL PATH] Task này nằm trên đường găng: dự phòng tối đa 1 ngày. Phải xong đúng Due Date 24/10/2026; trễ 1 ngày thì mốc "Software Package Version 1" (25/10/2026) bị trễ theo. Ảnh hưởng trực tiếp tới: Software Package Version 1 (deploy + release note). Gặp vướng thì báo ngay trong ngày cho Dũng (PM), không đợi họp. Sửa các Bug tạo ra từ Integration Test Iteration 1 thuộc phần mình làm, merge vào dev trước ngày phát hành Software Package V1. Không có bug thì đóng task. | E82: Đức | F82: ANGI Sprint 1 | G82: EP-QA | H82: 1 | I82: 22/10/2026 | J82: 24/10/2026 | K82: bugfix critical-path | L82: ANGI-94 | M82: Có | N82: 0 | O82: Highest
A83: T200 | B83: Task | C83: Fix bug integration test Iteration 1 (reco + hạ tầng) | D83: [CRITICAL PATH] Task này nằm trên đường găng: dự phòng tối đa 1 ngày. Phải xong đúng Due Date 24/10/2026; trễ 1 ngày thì mốc "Software Package Version 1" (25/10/2026) bị trễ theo. Ảnh hưởng trực tiếp tới: Software Package Version 1 (deploy + release note). Gặp vướng thì báo ngay trong ngày cho Dũng (PM), không đợi họp. Sửa các Bug tạo ra từ Integration Test Iteration 1 thuộc phần mình làm, merge vào dev trước ngày phát hành Software Package V1. Không có bug thì đóng task. | E83: Dũng | F83: ANGI Sprint 1 | G83: EP-QA | H83: 1 | I83: 22/10/2026 | J83: 24/10/2026 | K83: bugfix critical-path | L83: ANGI-95 | M83: Có | N83: 0 | O83: Highest
A84: T194 | B84: Task | C84: Wireframe/mockup các màn hình Iteration 2 | D84: Theo các use case Iteration 2 trong ANGI_Use_Case_Basic_Descriptions_Ver1.0 (Roadmap, Feedback & Report, Blog, Notification). Tuấn duyệt phần Roadmap. | E84: Đức | F84: ANGI Sprint 1 | G84: EP-SETUP | H84: 3 | I84: 22/10/2026 | J84: 25/10/2026 | K84: frontend | L84: ANGI-96 | N84: 8.5 | O84: Medium
A85: T162 | B85: Task | C85: Report 3: SRS v1.1 (Detailed Requirements Iteration 2) | D85: Cả team cùng viết, mỗi người viết phần module/feature mình làm. Dũng tổng hợp và duyệt cuối. | E85: Dũng | F85: ANGI Sprint 1 | G85: EP-DOC | H85: 2 | I85: 23/10/2026 | J85: 24/10/2026 | K85: docs | L85: ANGI-97 | N85: 50 | O85: Medium
A86: T176 | B86: Task | C86: Software Package Version 1 (deploy + release note) | D86: [CRITICAL PATH] Task này nằm trên đường găng: dự phòng tối đa 1 ngày. Phải xong đúng Due Date 25/10/2026; trễ 1 ngày thì đây chính là mốc giao nộp. Cần xong trước khi bắt đầu: toàn bộ 7 task code (BE, FE, Reco) của ANGI Sprint 1. Gặp vướng thì báo ngay trong ngày cho Dũng (PM), không đợi họp. Deploy bản của iteration từ tag iteration-1 lên Render (backend, reco, PostgreSQL) và Vercel (frontend); viết release note liệt kê feature đã xong và lỗi còn tồn. | E86: Dũng | F86: ANGI Sprint 1 | G86: EP-QA | H86: 1 | I86: 25/10/2026 | J86: 25/10/2026 | K86: release critical-path | L86: ANGI-98 | M86: Có | N86: 0 | O86: Highest
A87: T017 | B87: Task | C87: [BE] F-09 View Notifications | D87: Use case F-09 View Notifications (Actor: Registered User). Allows a Registered User to view the list of notifications related to their account and activities in the system, such as submission review results, social interactions, or roadmap-related events. Endpoint cần làm: - NOTI-01 GET /api/v1/me/notifications - NOTI-02 GET /api/v1/me/notifications/unread-count Tài liệu: ANGI_Use_Case_Basic_Descriptions_Ver1.0 (use case), ANGI_API_Design_Ver1.7 (sheet Backend API, Chi tiết Request-Response, Mã lỗi), ANGI_Data_Dictionary_Ver1.1 (bảng), coding_rule.md. DoD: Endpoint trả đúng request/response và mã lỗi như ANGI_API_Design_Ver1.7; code theo coding_rule.md; unit test tối thiểu 2 method; hiện trên Scalar; PR được Dũng review. | E87: Trọng | F87: ANGI Sprint 2 | G87: EP-NOTI | H87: 2 | I87: 26/10/2026 | J87: 26/10/2026 | K87: backend iteration2 | L87: ANGI-99 | N87: 7.5 | O87: Medium
A88: T018 | B88: Task | C88: [FE] F-09 View Notifications | D88: Use case F-09 View Notifications (Actor: Registered User). Allows a Registered User to view the list of notifications related to their account and activities in the system, such as submission review results, social interactions, or roadmap-related events. Endpoint cần gọi: - NOTI-01 GET /api/v1/me/notifications - NOTI-02 GET /api/v1/me/notifications/unread-count Tài liệu: ANGI_Use_Case_Basic_Descriptions_Ver1.0 (use case), ANGI_API_Design_Ver1.7 (sheet JSON mẫu để làm mock data, sheet Mã lỗi để hiện thông báo lỗi). DoD: Màn hình chạy với mock data đúng sheet JSON mẫu, chuyển sang API thật khi BE merge; responsive; PR được Tuấn review. | E88: Đức | F88: ANGI Sprint 2 | G88: EP-NOTI | H88: 2 | I88: 26/10/2026 | J88: 26/10/2026 | K88: frontend iteration2 | L88: ANGI-100 | N88: 9.3 | O88: Medium
A89: T019 | B89: Task | C89: [BE] F-10 Mark Notification as Read | D89: Use case F-10 Mark Notification as Read (Actor: Registered User). Allows a Registered User to mark one or more notifications as read. The system updates the notification status to distinguish read from unread notifications. Endpoint cần làm: - NOTI-03 POST /api/v1/me/notifications/read Tài liệu: ANGI_Use_Case_Basic_Descriptions_Ver1.0 (use case), ANGI_API_Design_Ver1.7 (sheet Backend API, Chi tiết Request-Response, Mã lỗi), ANGI_Data_Dictionary_Ver1.1 (bảng), coding_rule.md. DoD: Endpoint trả đúng request/response và mã lỗi như ANGI_API_Design_Ver1.7; code theo coding_rule.md; unit test tối thiểu 2 method; hiện trên Scalar; PR được Dũng review. | E89: Trọng | F89: ANGI Sprint 2 | G89: EP-NOTI | H89: 1 | I89: 26/10/2026 | J89: 26/10/2026 | K89: backend iteration2 | L89: ANGI-101 | N89: 7.3 | O89: Medium
A90: T151 | B90: Task | C90: Reco P2: Lưu like/dislike vào interaction_events (RECO-04 /feedback) | D90: Recommendation_System_Design_Ver1.0 mục 5.2. | E90: Dũng | F90: ANGI Sprint 2 | G90: EP-RECO | H90: 3 | I90: 26/10/2026 | J90: 26/10/2026 | K90: reco | L90: ANGI-102 | N90: 6.3 | O90: Medium
A91: T020 | B91: Task | C91: [FE] F-10 Mark Notification as Read | D91: Use case F-10 Mark Notification as Read (Actor: Registered User). Allows a Registered User to mark one or more notifications as read. The system updates the notification status to distinguish read from unread notifications. Endpoint cần gọi: - NOTI-03 POST /api/v1/me/notifications/read Tài liệu: ANGI_Use_Case_Basic_Descriptions_Ver1.0 (use case), ANGI_API_Design_Ver1.7 (sheet JSON mẫu để làm mock data, sheet Mã lỗi để hiện thông báo lỗi). DoD: Màn hình chạy với mock data đúng sheet JSON mẫu, chuyển sang API thật khi BE merge; responsive; PR được Tuấn review. | E91: Đức | F91: ANGI Sprint 2 | G91: EP-NOTI | H91: 1 | I91: 26/10/2026 | J91: 27/10/2026 | K91: frontend iteration2 | L91: ANGI-103 | N91: 8.9 | O91: Medium
A92: T037 | B92: Task | C92: [BE] F-19 Plan New Roadmap | D92: Use case F-19 Plan New Roadmap (Actor: Traveler). Allows a Traveler to create a new food roadmap based on trip information and personal needs. The user provides constraints such as time, budget, and number of days; the system uses this information to create a roadmap of suitable dishes and places. Endpoint cần làm: - RM-01 POST /api/v1/roadmaps - RM-04 PATCH /api/v1/roadmaps/{roadmapId} Tài liệu: ANGI_Use_Case_Basic_Descriptions_Ver1.0 (use case), ANGI_API_Design_Ver1.7 (sheet Backend API, Chi tiết Request-Response, Mã lỗi), ANGI_Data_Dictionary_Ver1.1 (bảng), coding_rule.md. DoD: Endpoint trả đúng request/response và mã lỗi như ANGI_API_Design_Ver1.7; code theo coding_rule.md; unit test tối thiểu 2 method; hiện trên Scalar; PR được Dũng review. | E92: Hưng | F92: ANGI Sprint 2 | G92: EP-ROAD | H92: 5 | I92: 26/10/2026 | J92: 27/10/2026 | K92: backend iteration2 | L92: ANGI-104 | N92: 3.9 | O92: High
A93: T038 | B93: Task | C93: [FE] F-19 Plan New Roadmap | D93: Use case F-19 Plan New Roadmap (Actor: Traveler). Allows a Traveler to create a new food roadmap based on trip information and personal needs. The user provides constraints such as time, budget, and number of days; the system uses this information to create a roadmap of suitable dishes and places. Endpoint cần gọi: - RM-01 POST /api/v1/roadmaps - RM-04 PATCH /api/v1/roadmaps/{roadmapId} Tài liệu: ANGI_Use_Case_Basic_Descriptions_Ver1.0 (use case), ANGI_API_Design_Ver1.7 (sheet JSON mẫu để làm mock data, sheet Mã lỗi để hiện thông báo lỗi). DoD: Màn hình chạy với mock data đúng sheet JSON mẫu, chuyển sang API thật khi BE merge; responsive; PR được Dũng review. | E93: Tuấn | F93: ANGI Sprint 2 | G93: EP-ROAD | H93: 5 | I93: 26/10/2026 | J93: 27/10/2026 | K93: frontend iteration2 | L93: ANGI-105 | N93: 8.5 | O93: High
A94: T071 | B94: Task | C94: [BE] F-36 Write Blog | D94: Use case F-36 Write Blog (Actor: Traveler). Allows a Traveler to write about their impressions and thoughts on a roadmap they have experienced. The user enters the required content; the system then validates it and saves the post in the appropriate status. Endpoint cần làm: - BLOG-04 POST /api/v1/blogs - MEDIA-01 POST /api/v1/media Tài liệu: ANGI_Use_Case_Basic_Descriptions_Ver1.0 (use case), ANGI_API_Design_Ver1.7 (sheet Backend API, Chi tiết Request-Response, Mã lỗi), ANGI_Data_Dictionary_Ver1.1 (bảng), coding_rule.md. DoD: Endpoint trả đúng request/response và mã lỗi như ANGI_API_Design_Ver1.7; code theo coding_rule.md; unit test tối thiểu 2 method; hiện trên Scalar; PR được Dũng review. | E94: Trọng | F94: ANGI Sprint 2 | G94: EP-BLOG | H94: 3 | I94: 26/10/2026 | J94: 27/10/2026 | K94: backend iteration2 | L94: ANGI-106 | N94: 6 | O94: Medium
A95: T067 | B95: Task | C95: [BE] F-34 View Public Blog | D95: Use case F-34 View Public Blog (Actor: Guest, Traveler). Allows a Guest or Traveler to view the list of public blog posts on ANGI. The system shows the posts allowed to be public along with their basic information so users can discover content. Endpoint cần làm: - BLOG-01 GET /api/v1/blogs Tài liệu: ANGI_Use_Case_Basic_Descriptions_Ver1.0 (use case), ANGI_API_Design_Ver1.7 (sheet Backend API, Chi tiết Request-Response, Mã lỗi), ANGI_Data_Dictionary_Ver1.1 (bảng), coding_rule.md. DoD: Endpoint trả đúng request/response và mã lỗi như ANGI_API_Design_Ver1.7; code theo coding_rule.md; unit test tối thiểu 2 method; hiện trên Scalar; PR được Dũng review. | E95: Trọng | F95: ANGI Sprint 2 | G95: EP-BLOG | H95: 2 | I95: 27/10/2026 | J95: 27/10/2026 | K95: backend iteration2 | L95: ANGI-107 | N95: 6.1 | O95: Medium
A96: T152 | B96: Task | C96: Reco P2: Implicit score từ lịch sử tương tác | D96: Recommendation_System_Design_Ver1.0 mục 3.2. | Làm sau: Reco P2: Lưu like/dislike vào interaction_events (RECO-04 /feedback). | E96: Dũng | F96: ANGI Sprint 2 | G96: EP-RECO | H96: 3 | I96: 27/10/2026 | J96: 27/10/2026 | K96: reco | L96: ANGI-108 | N96: 6.3 | O96: Medium
A97: T039 | B97: Task | C97: [BE] F-20 View My Roadmap | D97: Use case F-20 View My Roadmap (Actor: Traveler). Allows a Traveler to view their own roadmaps, including trip information, schedule, dishes, restaurants, and the items arranged for each day. Endpoint cần làm: - RM-02 GET /api/v1/roadmaps Tài liệu: ANGI_Use_Case_Basic_Descriptions_Ver1.0 (use case), ANGI_API_Design_Ver1.7 (sheet Backend API, Chi tiết Request-Response, Mã lỗi), ANGI_Data_Dictionary_Ver1.1 (bảng), coding_rule.md. DoD: Endpoint trả đúng request/response và mã lỗi như ANGI_API_Design_Ver1.7; code theo coding_rule.md; unit test tối thiểu 2 method; hiện trên Scalar; PR được Dũng review. | E97: Hưng | F97: ANGI Sprint 2 | G97: EP-ROAD | H97: 2 | I97: 27/10/2026 | J97: 28/10/2026 | K97: backend iteration2 | L97: ANGI-109 | N97: 6 | O97: Medium
A98: T040 | B98: Task | C98: [FE] F-20 View My Roadmap | D98: Use case F-20 View My Roadmap (Actor: Traveler). Allows a Traveler to view their own roadmaps, including trip information, schedule, dishes, restaurants, and the items arranged for each day. Endpoint cần gọi: - RM-02 GET /api/v1/roadmaps Tài liệu: ANGI_Use_Case_Basic_Descriptions_Ver1.0 (use case), ANGI_API_Design_Ver1.7 (sheet JSON mẫu để làm mock data, sheet Mã lỗi để hiện thông báo lỗi). DoD: Màn hình chạy với mock data đúng sheet JSON mẫu, chuyển sang API thật khi BE merge; responsive; PR được Dũng review. | E98: Tuấn | F98: ANGI Sprint 2 | G98: EP-ROAD | H98: 2 | I98: 27/10/2026 | J98: 28/10/2026 | K98: frontend iteration2 | L98: ANGI-110 | N98: 8 | O98: Medium
... A124: T078 | B124: Task | C124: [FE] F-39 Delete Blog | D124: Use case F-39 Delete Blog (Actor: Traveler). Allows a Traveler to delete a blog post they created. Endpoint cần gọi: - BLOG-07 DELETE /api/v1/blogs/{blogId} Tài liệu: ANGI_Use_Case_Basic_Descriptions_Ver1.0 (use case), ANGI_API_Design_Ver1.7 (sheet JSON mẫu để làm mock data, sheet Mã lỗi để hiện thông báo lỗi). DoD: Màn hình chạy với mock data đúng sheet JSON mẫu, chuyển sang API thật khi BE merge; responsive; PR được Tuấn review. | E124: Đức | F124: ANGI Sprint 2 | G124: EP-BLOG | H124: 1 | I124: 31/10/2026 | J124: 31/10/2026 | K124: frontend iteration2 | L124: ANGI-136 | N124: 4.6 | O124: Medium
A125: T061 | B125: Task | C125: [BE] F-31 Feedback Restaurant | D125: [CRITICAL PATH] Task này nằm trên đường găng: dự phòng tối đa 1 ngày. Phải xong đúng Due Date 01/11/2026; trễ 1 ngày thì mốc "Software Package Version 2" (08/11/2026) bị trễ theo. Ảnh hưởng trực tiếp tới: [BE] F-32 Reply Feedback; Code freeze + tích hợp Iteration 2: merge PR vào dev, chạy toàn hệ thống. Gặp vướng thì báo ngay trong ngày cho Dũng (PM), không đợi họp. Use case F-31 Feedback Restaurant (Actor: Traveler). Allows a Traveler to give feedback on a restaurant based on their experience. The system stores the rating/review and updates the restaurant's rating data accordingly. Endpoint cần làm: - REV-01 POST /api/v1/restaurants/{restaurantId}/reviews Tài liệu: ANGI_Use_Case_Basic_Descriptions_Ver1.0 (use case), ANGI_API_Design_Ver1.7 (sheet Backend API, Chi tiết Request-Response, Mã lỗi), ANGI_Data_Dictionary_Ver1.1 (bảng), coding_rule.md. DoD: Endpoint trả đúng request/response và mã lỗi như ANGI_API_Design_Ver1.7; code theo coding_rule.md; unit test tối thiểu 2 method; hiện trên Scalar; PR được Dũng review. | E125: Trọng | F125: ANGI Sprint 2 | G125: EP-FBR | H125: 3 | I125: 31/10/2026 | J125: 01/11/2026 | K125: backend iteration2 critical-path | L125: ANGI-137 | M125: Có | N125: 1.5 | O125: Highest
A126: T052 | B126: Task | C126: [FE] F-26 Add Roadmap Item with AI Generation | D126: Use case F-26 Add Roadmap Item with AI Generation (Actor: Traveler). Allows a Traveler to ask the system to automatically add suitable dishes and their corresponding places to the roadmap. Using the user's recommended dish list and the constraints provided earlier, the system generates a full roadmap with complete items; the user then reviews the whole journey and can edit any part if desired. Endpoint cần gọi: - RM-10 POST /api/v1/roadmaps/{roadmapId}/generate - RM-11 GET /api/v1/roadmaps/{roadmapId}/generation-jobs/{jobId} Tài liệu: ANGI_Use_Case_Basic_Descriptions_Ver1.0 (use case), ANGI_API_Design_Ver1.7 (sheet JSON mẫu để làm mock data, sheet Mã lỗi để hiện thông báo lỗi). DoD: Màn hình chạy với mock data đúng sheet JSON mẫu, chuyển sang API thật khi BE merge; responsive; PR được Dũng review. | E126: Tuấn | F126: ANGI Sprint 2 | G126: EP-ROAD | H126: 5 | I126: 31/10/2026 | J126: 01/11/2026 | K126: frontend iteration2 | L126: ANGI-138 | N126: 3.3 | O126: High
A127: T053 | B127: Task | C127: [BE] F-27 Edit Roadmap Item | D127: Use case F-27 Edit Roadmap Item (Actor: Traveler). Allows a Traveler to replace an existing roadmap item with a more suitable one. For example, if breakfast is currently “Bún bò”, the user can pick another dish from the system's recommendation list to replace it, and the restaurant location changes accordingly. The system validates the change and updates the roadmap. Endpoint cần làm: - RM-08 PATCH /api/v1/roadmaps/{roadmapId}/items/{itemId} - RM-06 GET /api/v1/roadmaps/{roadmapId}/suggestions Tài liệu: ANGI_Use_Case_Basic_Descriptions_Ver1.0 (use case), ANGI_API_Design_Ver1.7 (sheet Backend API, Chi tiết Request-Response, Mã lỗi), ANGI_Data_Dictionary_Ver1.1 (bảng), coding_rule.md. DoD: Endpoint trả đúng request/response và mã lỗi như ANGI_API_Design_Ver1.7; code theo coding_rule.md; unit test tối thiểu 2 method; hiện trên Scalar; PR được Dũng review. | E127: Hưng | F127: ANGI Sprint 2 | G127: EP-ROAD | H127: 3 | I127: 31/10/2026 | J127: 01/11/2026 | K127: backend iteration2 | L127: ANGI-139 | N127: 1.9 | O127: Medium
A128: T080 | B128: Task | C128: [FE] F-40 Interact With Blog | D128: Use case F-40 Interact With Blog (Actor: Traveler). Allows a Traveler to perform the interactions supported by the system on a blog post, such as commenting or other forms of interaction. Endpoint cần gọi: - BLOG-08 PUT /api/v1/blogs/{blogId}/like - BLOG-09 DELETE /api/v1/blogs/{blogId}/like - BLOG-10 POST /api/v1/blogs/{blogId}/comments - REP-02 POST /api/v1/blogs/{blogId}/reports Tài liệu: ANGI_Use_Case_Basic_Descriptions_Ver1.0 (use case), ANGI_API_Design_Ver1.7 (sheet JSON mẫu để làm mock data, sheet Mã lỗi để hiện thông báo lỗi). DoD: Màn hình chạy với mock data đúng sheet JSON mẫu, chuyển sang API thật khi BE merge; responsive; PR được Tuấn review. | E128: Đức | F128: ANGI Sprint 2 | G128: EP-BLOG | H128: 2 | I128: 31/10/2026 | J128: 01/11/2026 | K128: frontend iteration2 | L128: ANGI-140 | N128: 3.9 | O128: Medium
A129: T045 | B129: Task | C129: [BE] F-23 Share My Roadmap | D129: [CRITICAL PATH] Task này nằm trên đường găng: dự phòng tối đa 1 ngày. Phải xong đúng Due Date 01/11/2026; trễ 1 ngày thì mốc "Software Package Version 2" (08/11/2026) bị trễ theo. Ảnh hưởng trực tiếp tới: [FE] F-23 Share My Roadmap; Code freeze + tích hợp Iteration 2: merge PR vào dev, chạy toàn hệ thống. Cần xong trước khi bắt đầu: [BE] F-36 Write Blog. Gặp vướng thì báo ngay trong ngày cho Dũng (PM), không đợi họp. Use case F-23 Share My Roadmap (Actor: Traveler). Allows a Traveler to share their roadmap with others through the sharing mechanism provided by the system. The user writes a blog post about the roadmap (UC Write Blog) before it is shared with the community. Endpoint cần làm: - BLOG-04 POST /api/v1/blogs Tài liệu: ANGI_Use_Case_Basic_Descriptions_Ver1.0 (use case), ANGI_API_Design_Ver1.7 (sheet Backend API, Chi tiết Request-Response, Mã lỗi), ANGI_Data_Dictionary_Ver1.1 (bảng), coding_rule.md. DoD: Endpoint trả đúng request/response và mã lỗi như ANGI_API_Design_Ver1.7; code theo coding_rule.md; unit test tối thiểu 2 method; hiện trên Scalar; PR được Dũng review. | Làm sau: [BE] F-36 Write Blog. | E129: Hưng | F129: ANGI Sprint 2 | G129: EP-ROAD | H129: 2 | I129: 01/11/2026 | J129: 01/11/2026 | K129: backend iteration2 critical-path | L129: ANGI-141 | M129: Có | N129: 1 | O129: Highest
A130: T063 | B130: Task | C130: [BE] F-32 Reply Feedback | D130: [CRITICAL PATH] Task này nằm trên đường găng: dự phòng tối đa 1 ngày. Phải xong đúng Due Date 01/11/2026; trễ 1 ngày thì mốc "Software Package Version 2" (08/11/2026) bị trễ theo. Ảnh hưởng trực tiếp tới: [FE] F-32 Reply Feedback; Code freeze + tích hợp Iteration 2: merge PR vào dev, chạy toàn hệ thống. Cần xong trước khi bắt đầu: [BE] F-31 Feedback Restaurant. Gặp vướng thì báo ngay trong ngày cho Dũng (PM), không đợi họp. Use case F-32 Reply Feedback (Actor: Restaurant Owner). Allows a Restaurant Owner to reply to users' feedback/reviews on their restaurant. The system stores the reply and displays it according to the platform's display rules. Endpoint cần làm: - OWN-19 GET /api/v1/owner/restaurant/reviews - OWN-20 PUT /api/v1/owner/restaurant/reviews/{reviewId}/reply Tài liệu: ANGI_Use_Case_Basic_Descriptions_Ver1.0 (use case), ANGI_API_Design_Ver1.7 (sheet Backend API, Chi tiết Request-Response, Mã lỗi), ANGI_Data_Dictionary_Ver1.1 (bảng), coding_rule.md. DoD: Endpoint trả đúng request/response và mã lỗi như ANGI_API_Design_Ver1.7; code theo coding_rule.md; unit test tối thiểu 2 method; hiện trên Scalar; PR được Dũng review. | Làm sau: [BE] F-31 Feedback Restaurant. | E130: Trọng | F130: ANGI Sprint 2 | G130: EP-FBR | H130: 2 | I130: 01/11/2026 | J130: 01/11/2026 | K130: backend iteration2 critical-path | L130: ANGI-142 | M130: Có | N130: 1.5 | O130: Highest
A131: T065 | B131: Task | C131: [BE] F-33 Report Restaurant | D131: [CRITICAL PATH] Task này nằm trên đường găng: dự phòng tối đa 1 ngày. Phải xong đúng Due Date 01/11/2026; trễ 1 ngày thì mốc "Software Package Version 2" (08/11/2026) bị trễ theo. Ảnh hưởng trực tiếp tới: [FE] F-33 Report Restaurant; Code freeze + tích hợp Iteration 2: merge PR vào dev, chạy toàn hệ thống. Gặp vướng thì báo ngay trong ngày cho Dũng (PM), không đợi họp. Use case F-33 Report Restaurant (Actor: Traveler). Allows a Traveler to report a restaurant when they find incorrect information, inappropriate behavior, or other issues that need to be reviewed. The system records the report and forwards it to the handling process. Endpoint cần làm: - REP-01 POST /api/v1/restaurants/{restaurantId}/reports Tài liệu: ANGI_Use_Case_Basic_Descriptions_Ver1.0 (use case), ANGI_API_Design_Ver1.7 (sheet Backend API, Chi tiết Request-Response, Mã lỗi), ANGI_Data_Dictionary_Ver1.1 (bảng), coding_rule.md. DoD: Endpoint trả đúng request/response và mã lỗi như ANGI_API_Design_Ver1.7; code theo coding_rule.md; unit test tối thiểu 2 method; hiện trên Scalar; PR được Dũng review. | E131: Trọng | F131: ANGI Sprint 2 | G131: EP-FBR | H131: 2 | I131: 01/11/2026 | J131: 01/11/2026 | K131: backend iteration2 critical-path | L131: ANGI-143 | M131: Có | N131: 1 | O131: Highest
A132: T055 | B132: Task | C132: [BE] F-28 Delete Roadmap Item | D132: Use case F-28 Delete Roadmap Item (Actor: Traveler). Allows a Traveler to remove a dish and its corresponding place from the current roadmap. The system asks for confirmation if needed and removes the item without affecting other items. Endpoint cần làm: - RM-09 DELETE /api/v1/roadmaps/{roadmapId}/items/{itemId} Tài liệu: ANGI_Use_Case_Basic_Descriptions_Ver1.0 (use case), ANGI_API_Design_Ver1.7 (sheet Backend API, Chi tiết Request-Response, Mã lỗi), ANGI_Data_Dictionary_Ver1.1 (bảng), coding_rule.md. DoD: Endpoint trả đúng request/response và mã lỗi như ANGI_API_Design_Ver1.7; code theo coding_rule.md; unit test tối thiểu 2 method; hiện trên Scalar; PR được Dũng review. | E132: Hưng | F132: ANGI Sprint 2 | G132: EP-ROAD | H132: 1 | I132: 01/11/2026 | J132: 01/11/2026 | K132: backend iteration2 | L132: ANGI-144 | N132: 1.6 | O132: Medium
A133: T082 | B133: Task | C133: [FE] F-41 Comment Blog | D133: Use case F-41 Comment Blog (Actor: Traveler). Allows a Traveler to write and post a comment on a blog post. The system checks the content against the required rules and saves the comment if it is valid. Endpoint cần gọi: - BLOG-10 POST /api/v1/blogs/{blogId}/comments - BLOG-11 DELETE /api/v1/blogs/{blogId}/comments/{commentId} Tài liệu: ANGI_Use_Case_Basic_Descriptions_Ver1.0 (use case), ANGI_API_Design_Ver1.7 (sheet JSON mẫu để làm mock data, sheet Mã lỗi để hiện thông báo lỗi). DoD: Màn hình chạy với mock data đúng sheet JSON mẫu, chuyển sang API thật khi BE merge; responsive; PR được Tuấn review. | E133: Đức | F133: ANGI Sprint 2 | G133: EP-BLOG | H133: 2 | I133: 01/11/2026 | J133: 01/11/2026 | K133: frontend iteration2 | L133: ANGI-145 | N133: 3.2 | O133: Medium
A134: T059 | B134: Task | C134: [BE] F-30 Rate Dish | D134: [CRITICAL PATH] Task này nằm trên đường găng: dự phòng tối đa 1 ngày. Phải xong đúng Due Date 02/11/2026; trễ 1 ngày thì mốc "Software Package Version 2" (08/11/2026) bị trễ theo. Ảnh hưởng trực tiếp tới: Code freeze + tích hợp Iteration 2: merge PR vào dev, chạy toàn hệ thống. Cần xong trước khi bắt đầu: Reco P2: Lưu like/dislike vào interaction_events (RECO-04 /feedback); [BE] F-29 View Roadmap Item Detail. Gặp vướng thì báo ngay trong ngày cho Dũng (PM), không đợi họp. Use case F-30 Rate Dish (Actor: Traveler). Allows a Traveler to rate how much they like a dish after interacting with or trying it. The system stores the user's rating (like/dislike) and uses it as implicit/explicit feedback to personalize recommendations. Endpoint cần làm: - RM-13 POST /api/v1/roadmaps/{roadmapId}/items/{itemId}/feedback Ghi chú: Like/dislike 1 lần mỗi roadmap item (dish_feedbacks). Ghi outbox FEEDBACK_CREATED trong cùng transaction, không gọi reco trực tiếp. Tài liệu: ANGI_Use_Case_Basic_Descriptions_Ver1.0 (use case), ANGI_API_Design_Ver1.7 (sheet Backend API, Chi tiết Request-Response, Mã lỗi), ANGI_Data_Dictionary_Ver1.1 (bảng), coding_rule.md. DoD: Endpoint trả đúng request/response và mã lỗi như ANGI_API_Design_Ver1.7; code theo coding_rule.md; unit test tối thiểu 2 method; hiện trên Scalar; PR được Hưng review. | Làm sau: Reco P2: Lưu like/dislike vào interaction_events (RECO-04 /feedback), [BE] F-29 View Roadmap Item Detail. | E134: Hưng | F134: ANGI Sprint 2 | G134: EP-ROAD | H134: 2 | I134: 01/11/2026 | J134: 02/11/2026 | K134: backend iteration2 critical-path | L134: ANGI-146 | M134: Có | N134: 1 | O134: Highest
A135: T054 | B135: Task | C135: [FE] F-27 Edit Roadmap Item | D135: Use case F-27 Edit Roadmap Item (Actor: Traveler). Allows a Traveler to replace an existing roadmap item with a more suitable one. For example, if breakfast is currently “Bún bò”, the user can pick another dish from the system's recommendation list to replace it, and the restaurant location changes accordingly. The system validates the change and updates the roadmap. Endpoint cần gọi: - RM-08 PATCH /api/v1/roadmaps/{roadmapId}/items/{itemId} - RM-06 GET /api/v1/roadmaps/{roadmapId}/suggestions Tài liệu: ANGI_Use_Case_Basic_Descriptions_Ver1.0 (use case), ANGI_API_Design_Ver1.7 (sheet JSON mẫu để làm mock data, sheet Mã lỗi để hiện thông báo lỗi). DoD: Màn hình chạy với mock data đúng sheet JSON mẫu, chuyển sang API thật khi BE merge; responsive; PR được Dũng review. | E135: Tuấn | F135: ANGI Sprint 2 | G135: EP-ROAD | H135: 3 | I135: 01/11/2026 | J135: 02/11/2026 | K135: frontend iteration2 | L135: ANGI-147 | N135: 2.5 | O135: Medium
A136: T084 | B136: Task | C136: [FE] F-42 Report Blog | D136: Use case F-42 Report Blog (Actor: Traveler). Allows a Traveler to report a blog post they consider inappropriate or in violation of the rules. The system records the report and forwards the content to the moderation process. Endpoint cần gọi: - REP-02 POST /api/v1/blogs/{blogId}/reports Tài liệu: ANGI_Use_Case_Basic_Descriptions_Ver1.0 (use case), ANGI_API_Design_Ver1.7 (sheet JSON mẫu để làm mock data, sheet Mã lỗi để hiện thông báo lỗi). DoD: Màn hình chạy với mock data đúng sheet JSON mẫu, chuyển sang API thật khi BE merge; responsive; PR được Tuấn review. | E136: Đức | F136: ANGI Sprint 2 | G136: EP-BLOG | H136: 1 | I136: 01/11/2026 | J136: 02/11/2026 | K136: frontend iteration2 | L136: ANGI-148 | N136: 2.8 | O136: Medium
A137: T056 | B137: Task | C137: [FE] F-28 Delete Roadmap Item | D137: Use case F-28 Delete Roadmap Item (Actor: Traveler). Allows a Traveler to remove a dish and its corresponding place from the current roadmap. The system asks for confirmation if needed and removes the item without affecting other items. Endpoint cần gọi: - RM-09 DELETE /api/v1/roadmaps/{roadmapId}/items/{itemId} Tài liệu: ANGI_Use_Case_Basic_Descriptions_Ver1.0 (use case), ANGI_API_Design_Ver1.7 (sheet JSON mẫu để làm mock data, sheet Mã lỗi để hiện thông báo lỗi). DoD: Màn hình chạy với mock data đúng sheet JSON mẫu, chuyển sang API thật khi BE merge; responsive; PR được Dũng review. | E137: Tuấn | F137: ANGI Sprint 2 | G137: EP-ROAD | H137: 1 | I137: 02/11/2026 | J137: 02/11/2026 | K137: frontend iteration2 | L137: ANGI-149 | N137: 2.2 | O137: Medium
A138: T062 | B138: Task | C138: [FE] F-31 Feedback Restaurant | D138: Use case F-31 Feedback Restaurant (Actor: Traveler). Allows a Traveler to give feedback on a restaurant based on their experience. The system stores the rating/review and updates the restaurant's rating data accordingly. Endpoint cần gọi: - REV-01 POST /api/v1/restaurants/{restaurantId}/reviews Tài liệu: ANGI_Use_Case_Basic_Descriptions_Ver1.0 (use case), ANGI_API_Design_Ver1.7 (sheet JSON mẫu để làm mock data, sheet Mã lỗi để hiện thông báo lỗi). DoD: Màn hình chạy với mock data đúng sheet JSON mẫu, chuyển sang API thật khi BE merge; responsive; PR được Tuấn review. | E138: Đức | F138: ANGI Sprint 2 | G138: EP-FBR | H138: 2 | I138: 02/11/2026 | J138: 02/11/2026 | K138: frontend iteration2 | L138: ANGI-150 | N138: 2.1 | O138: Medium
A139: T064 | B139: Task | C139: [FE] F-32 Reply Feedback | D139: [CRITICAL PATH] Task này nằm trên đường găng: dự phòng tối đa 1 ngày. Phải xong đúng Due Date 03/11/2026; trễ 1 ngày thì mốc "Software Package Version 2" (08/11/2026) bị trễ theo. Ảnh hưởng trực tiếp tới: Code freeze + tích hợp Iteration 2: merge PR vào dev, chạy toàn hệ thống. Cần xong trước khi bắt đầu: Wireframe/mockup các màn hình Iteration 2. Làm song song với [BE] F-32 Reply Feedback (dùng mock data), nối API thật khi BE merge. Gặp vướng thì báo ngay trong ngày cho Dũng (PM), không đợi họp. Use case F-32 Reply Feedback (Actor: Restaurant Owner). Allows a Restaurant Owner to reply to users' feedback/reviews on their restaurant. The system stores the reply and displays it according to the platform's display rules. Endpoint cần gọi: - OWN-19 GET /api/v1/owner/restaurant/reviews - OWN-20 PUT /api/v1/owner/restaurant/reviews/{reviewId}/reply Tài liệu: ANGI_Use_Case_Basic_Descriptions_Ver1.0 (use case), ANGI_API_Design_Ver1.7 (sheet JSON mẫu để làm mock data, sheet Mã lỗi để hiện thông báo lỗi). DoD: Màn hình chạy với mock data đúng sheet JSON mẫu, chuyển sang API thật khi BE merge; responsive; PR được Tuấn review. | E139: Đức | F139: ANGI Sprint 2 | G139: EP-FBR | H139: 2 | I139: 02/11/2026 | J139: 03/11/2026 | K139: frontend iteration2 critical-path | L139: ANGI-151 | M139: Có | N139: 1.4 | O139: Highest
A140: T060 | B140: Task | C140: [FE] F-30 Rate Dish | D140: Use case F-30 Rate Dish (Actor: Traveler). Allows a Traveler to rate how much they like a dish after interacting with or trying it. The system stores the user's rating (like/dislike) and uses it as implicit/explicit feedback to personalize recommendations. Endpoint cần gọi: - RM-13 POST /api/v1/roadmaps/{roadmapId}/items/{itemId}/feedback Tài liệu: ANGI_Use_Case_Basic_Descriptions_Ver1.0 (use case), ANGI_API_Design_Ver1.7 (sheet JSON mẫu để làm mock data, sheet Mã lỗi để hiện thông báo lỗi). DoD: Màn hình chạy với mock data đúng sheet JSON mẫu, chuyển sang API thật khi BE merge; responsive; PR được Dũng review. | E140: Tuấn | F140: ANGI Sprint 2 | G140: EP-ROAD | H140: 2 | I140: 02/11/2026 | J140: 03/11/2026 | K140: frontend iteration2 | L140: ANGI-152 | N140: 1.6 | O140: Medium
A141: T046 | B141: Task | C141: [FE] F-23 Share My Roadmap | D141: [CRITICAL PATH] Task này nằm trên đường găng: dự phòng tối đa 1 ngày. Phải xong đúng Due Date 03/11/2026; trễ 1 ngày thì mốc "Software Package Version 2" (08/11/2026) bị trễ theo. Ảnh hưởng trực tiếp tới: Code freeze + tích hợp Iteration 2: merge PR vào dev, chạy toàn hệ thống. Cần xong trước khi bắt đầu: Wireframe/mockup các màn hình Iteration 2. Làm song song với [BE] F-23 Share My Roadmap (dùng mock data), nối API thật khi BE merge. Gặp vướng thì báo ngay trong ngày cho Dũng (PM), không đợi họp. Use case F-23 Share My Roadmap (Actor: Traveler). Allows a Traveler to share their roadmap with others through the sharing mechanism provided by the system. The user writes a blog post about the roadmap (UC Write Blog) before it is shared with the community. Endpoint cần gọi: - BLOG-04 POST /api/v1/blogs Tài liệu: ANGI_Use_Case_Basic_Descriptions_Ver1.0 (use case), ANGI_API_Design_Ver1.7 (sheet JSON mẫu để làm mock data, sheet Mã lỗi để hiện thông báo lỗi). DoD: Màn hình chạy với mock data đúng sheet JSON mẫu, chuyển sang API thật khi BE merge; responsive; PR được Dũng review. | E141: Tuấn | F141: ANGI Sprint 2 | G141: EP-ROAD | H141: 2 | I141: 03/11/2026 | J141: 03/11/2026 | K141: frontend iteration2 critical-path | L141: ANGI-153 | M141: Có | N141: 1 | O141: Highest
A142: T066 | B142: Task | C142: [FE] F-33 Report Restaurant | D142: [CRITICAL PATH] Task này nằm trên đường găng: dự phòng tối đa 1 ngày. Phải xong đúng Due Date 03/11/2026; trễ 1 ngày thì mốc "Software Package Version 2" (08/11/2026) bị trễ theo. Ảnh hưởng trực tiếp tới: Code freeze + tích hợp Iteration 2: merge PR vào dev, chạy toàn hệ thống. Cần xong trước khi bắt đầu: Wireframe/mockup các màn hình Iteration 2. Làm song song với [BE] F-33 Report Restaurant (dùng mock data), nối API thật khi BE merge. Gặp vướng thì báo ngay trong ngày cho Dũng (PM), không đợi họp. Use case F-33 Report Restaurant (Actor: Traveler). Allows a Traveler to report a restaurant when they find incorrect information, inappropriate behavior, or other issues that need to be reviewed. The system records the report and forwards it to the handling process. Endpoint cần gọi: - REP-01 POST /api/v1/restaurants/{restaurantId}/reports Tài liệu: ANGI_Use_Case_Basic_Descriptions_Ver1.0 (use case), ANGI_API_Design_Ver1.7 (sheet JSON mẫu để làm mock data, sheet Mã lỗi để hiện thông báo lỗi). DoD: Màn hình chạy với mock data đúng sheet JSON mẫu, chuyển sang API thật khi BE merge; responsive; PR được Tuấn review. | E142: Đức | F142: ANGI Sprint 2 | G142: EP-FBR | H142: 1 | I142: 03/11/2026 | J142: 03/11/2026 | K142: frontend iteration2 critical-path | L142: ANGI-154 | M142: Có | N142: 1 | O142: Highest
A143: T164 | B143: Task | C143: Unit Testing Report Iteration 2 | D143: Mỗi dev tối thiểu 2 method/module; Trọng tổng hợp. | E143: Trọng | F143: ANGI Sprint 2 | G143: EP-DOC | H143: 1 | I143: 03/11/2026 | J143: 03/11/2026 | K143: docs | L143: ANGI-155 | N143: 40 | O143: Medium
A144: T177 | B144: Task | C144: Report 5: Integration Test Cases Iteration 2 | D144: [CRITICAL PATH] Task này nằm trên đường găng: dự phòng tối đa 1 ngày. Phải xong đúng Due Date 04/11/2026; trễ 1 ngày thì mốc "Software Package Version 2" (08/11/2026) bị trễ theo. Ảnh hưởng trực tiếp tới: Report 5: Integration Test Report Iteration 2. Gặp vướng thì báo ngay trong ngày cho Dũng (PM), không đợi họp. Viết theo use case Iteration 2 (ANGI_Use_Case_Basic_Descriptions_Ver1.0) và endpoint tương ứng (ANGI_API_Design_Ver1.7). | E144: Đức | F144: ANGI Sprint 2 | G144: EP-QA | H144: 2 | I144: 03/11/2026 | J144: 04/11/2026 | K144: qa critical-path | L144: ANGI-156 | M144: Có | N144: 1 | O144: Highest
A145: T172 | B145: Task | C145: Code freeze + tích hợp Iteration 2: merge PR vào dev, chạy toàn hệ thống | D145: [CRITICAL PATH] Task này nằm trên đường găng: dự phòng tối đa 1 ngày. Phải xong đúng Due Date 04/11/2026; trễ 1 ngày thì mốc "Software Package Version 2" (08/11/2026) bị trễ theo. Ảnh hưởng trực tiếp tới: Report 5: Integration Test Report Iteration 2. Cần xong trước khi bắt đầu: toàn bộ 55 task code (BE, FE, Reco) của ANGI Sprint 2. Gặp vướng thì báo ngay trong ngày cho Dũng (PM), không đợi họp. Hết ngày code due mọi PR của iteration phải được review và merge vào dev. Ngày này: merge PR còn lại, khóa dev (chỉ nhận PR fix bug), chạy backend + reco + frontend từ dev, smoke test các luồng chính, gắn tag iteration-2. Sau đó Đức/Trọng chạy integration test; lỗi tìm được tạo issue Bug giao cho người làm feature đó, sửa trước ngày phát hành bản của iteration. | E145: Dũng | F145: ANGI Sprint 2 | G145: EP-QA | H145: 2 | I145: 04/11/2026 | J145: 04/11/2026 | K145: release critical-path | L145: ANGI-157 | M145: Có | N145: 1 | O145: Highest
A146: T178 | B146: Task | C146: Report 5: Integration Test Report Iteration 2 | D146: [CRITICAL PATH] Task này nằm trên đường găng: dự phòng tối đa 1 ngày. Phải xong đúng Due Date 06/11/2026; trễ 1 ngày thì mốc "Software Package Version 2" (08/11/2026) bị trễ theo. Ảnh hưởng trực tiếp tới: Software Package Version 2 (deploy + release note). Cần xong trước khi bắt đầu: Code freeze + tích hợp Iteration 2: merge PR vào dev, chạy toàn hệ thống; Report 5: Integration Test Cases Iteration 2. Gặp vướng thì báo ngay trong ngày cho Dũng (PM), không đợi họp. Chạy test case trên bản tag iteration-2; lỗi tạo issue Bug. | E146: Trọng | F146: ANGI Sprint 2 | G146: EP-QA | H146: 2 | I146: 05/11/2026 | J146: 06/11/2026 | K146: qa critical-path | L146: ANGI-158 | M146: Có | N146: 1 | O146: Highest
A147: T201 | B147: Task | C147: Fix bug integration test Iteration 2 (backend) | D147: [CRITICAL PATH] Task này nằm trên đường găng: dự phòng tối đa 1 ngày. Phải xong đúng Due Date 07/11/2026; trễ 1 ngày thì mốc "Software Package Version 2" (08/11/2026) bị trễ theo. Ảnh hưởng trực tiếp tới: Software Package Version 2 (deploy + release note). Gặp vướng thì báo ngay trong ngày cho Dũng (PM), không đợi họp. Sửa các Bug tạo ra từ Integration Test Iteration 2 thuộc phần mình làm, merge vào dev trước ngày phát hành Software Package V2. Không có bug thì đóng task. | E147: Hưng | F147: ANGI Sprint 2 | G147: EP-QA | H147: 1 | I147: 05/11/2026 | J147: 07/11/2026 | K147: bugfix critical-path | L147: ANGI-159 | M147: Có | N147: 0 | O147: Highest
A148: T202 | B148: Task | C148: Fix bug integration test Iteration 2 (backend) | D148: [CRITICAL PATH] Task này nằm trên đường găng: dự phòng tối đa 1 ngày. Phải xong đúng Due Date 07/11/2026; trễ 1 ngày thì mốc "Software Package Version 2" (08/11/2026) bị trễ theo. Ảnh hưởng trực tiếp tới: Software Package Version 2 (deploy + release note). Gặp vướng thì báo ngay trong ngày cho Dũng (PM), không đợi họp. Sửa các Bug tạo ra từ Integration Test Iteration 2 thuộc phần mình làm, merge vào dev trước ngày phát hành Software Package V2. Không có bug thì đóng task. | E148: Trọng | F148: ANGI Sprint 2 | G148: EP-QA | H148: 1 | I148: 05/11/2026 | J148: 07/11/2026 | K148: bugfix critical-path | L148: ANGI-160 | M148: Có | N148: 0 | O148: Highest
...

Sheet Gantt
A1: Jira key | B1: Task | C1: Assignee | D1: Start | E1: Due | F1: Float | G1: 05/10 | H1: 06/10 | I1: 07/10 | J1: 08/10 | K1: 09/10 | L1: 10/10 | M1: 11/10 | N1: 12/10 | O1: 13/10 | P1: 14/10 | Q1: 15/10 | R1: 16/10 | S1: 17/10 | T1: 18/10 | U1: 19/10 | V1: 20/10 | W1: 21/10 | X1: 22/10 | Y1: 23/10 | Z1: 24/10 | AA1: 25/10 | AB1: 26/10 | AC1: 27/10 | AD1: 28/10 | AE1: 29/10 | AF1: 30/10 | AG1: 31/10 | AH1: 01/11 | AI1: 02/11 | AJ1: 03/11 | AK1: 04/11 | AL1: 05/11 | AM1: 06/11 | AN1: 07/11 | AO1: 08/11 | AP1: 09/11 | AQ1: 10/11 | AR1: 11/11 | AS1: 12/11 | AT1: 13/11 | AU1: 14/11 | AV1: 15/11 | AW1: 16/11 | AX1: 17/11 | AY1: 18/11 | AZ1: 19/11 | BA1: 20/11 | BB1: 21/11 | BC1: 22/11 | BD1: 23/11 | BE1: 24/11 | BF1: 25/11 | BG1: 26/11 | BH1: 27/11 | BI1: 28/11 | BJ1: 29/11 | BK1: 30/11 | BL1: 01/12 | BM1: 02/12 | BN1: 03/12 | BO1: 04/12 | BP1: 05/12 | BQ1: 06/12 | BR1: 07/12 | BS1: 08/12 | BT1: 09/12 | BU1: 10/12 | BV1: 11/12 | BW1: 12/12 | BX1: 13/12
A2: ANGI-14 | B2: Tạo GitHub repo (backend, frontend, reco), branch strategy, PR template, rule review | C2: Dũng | D2: 05/10/2026 | E2: 05/10/2026 | F2: 8.3
A3: ANGI-15 | B3: Report 4: SDS v1.0 (High Level Design) | C3: Dũng | D3: 05/10/2026 | E3: 05/10/2026 | F3: 69
A4: ANGI-16 | B4: Docker Compose môi trường dev: PostgreSQL 16 + pgvector | C4: Dũng | D4: 05/10/2026 | E4: 06/10/2026 | F4: 8.5
A5: ANGI-17 | B5: Shared service: upload ảnh/tài liệu (Cloudinary) | C5: Hưng | D5: 05/10/2026 | E5: 07/10/2026 | F5: 11.5
A6: ANGI-18 | B6: Shared service: gửi email (Brevo) + template xác minh / reset mật khẩu | C6: Trọng | D6: 05/10/2026 | E6: 08/10/2026 | F6: 10.8
A7: ANGI-19 | B7: Khung Next.js: layout, routing theo role, API client, auth guard, UI kit | C7: Tuấn | D7: 05/10/2026 | E7: 11/10/2026 | F7: 8.1
A8: ANGI-20 | B8: Wireframe/mockup các màn hình Iteration 1 | C8: Đức | D8: 05/10/2026 | E8: 11/10/2026 | F8: 8.1
A9: ANGI-21 | B9: Database: ANGIContext schema core, base class, initial migration | C9: Dũng | D9: 06/10/2026 | E9: 08/10/2026 | F9: 8.5
A10: ANGI-22 | B10: Report 5: Test Planning | C10: Đức | D10: 07/10/2026 | E10: 08/10/2026 | F10: 66
A11: ANGI-23 | B11: Backend: ExceptionHandlingMiddleware, cấu hình JWT, CORS, rate limit | C11: Hưng | D11: 07/10/2026 | E11: 11/10/2026 | F11: 6.4
A12: ANGI-24 | B12: CI GitHub Actions: build + unit test cho .NET, FastAPI, Next.js | C12: Dũng | D12: 08/10/2026 | E12: 09/10/2026 | F12: 65.8
A13: ANGI-25 | B13: Ghi audit log cho thao tác quan trọng | C13: Trọng | D13: 08/10/2026 | E13: 11/10/2026 | F13: 63
... A211: ANGI-223 | B211: Presentation File (slide bảo vệ) | C211: Dũng | D211: 12/12/2026 | E211: 13/12/2026 | F211: 0

Sheet Workload
A1: Thành viên | B1: ANGI Sprint 0 | C1: ANGI Sprint 1 | D1: ANGI Sprint 2 | E1: ANGI Sprint 3 | F1: ANGI Sprint 4 | G1: ANGI Sprint 5 | H1: Tổng
A2: Dũng | B2: =SUMIFS(Backlog!$H:$H,Backlog!$E:$E,$A2,Backlog!$F:$F,"ANGI Sprint 0") -> 26 | C2: =SUMIFS(Backlog!$H:$H,Backlog!$E:$E,$A2,Backlog!$F:$F,"ANGI Sprint 1") -> 31 | D2: =SUMIFS(Backlog!$H:$H,Backlog!$E:$E,$A2,Backlog!$F:$F,"ANGI Sprint 2") -> 27 | E2: =SUMIFS(Backlog!$H:$H,Backlog!$E:$E,$A2,Backlog!$F:$F,"ANGI Sprint 3") -> 17 | F2: =SUMIFS(Backlog!$H:$H,Backlog!$E:$E,$A2,Backlog!$F:$F,"ANGI Sprint 4") -> 4 | G2: =SUMIFS(Backlog!$H:$H,Backlog!$E:$E,$A2,Backlog!$F:$F,"ANGI Sprint 5") -> 7 | H2: =SUM(B2:G2) -> 112
A3: Hưng | B3: =SUMIFS(Backlog!$H:$H,Backlog!$E:$E,$A3,Backlog!$F:$F,"ANGI Sprint 0") -> 5 | C3: =SUMIFS(Backlog!$H:$H,Backlog!$E:$E,$A3,Backlog!$F:$F,"ANGI Sprint 1") -> 33 | D3: =SUMIFS(Backlog!$H:$H,Backlog!$E:$E,$A3,Backlog!$F:$F,"ANGI Sprint 2") -> 27 | E3: =SUMIFS(Backlog!$H:$H,Backlog!$E:$E,$A3,Backlog!$F:$F,"ANGI Sprint 3") -> 22 | F3: =SUMIFS(Backlog!$H:$H,Backlog!$E:$E,$A3,Backlog!$F:$F,"ANGI Sprint 4") -> 3 | G3: =SUMIFS(Backlog!$H:$H,Backlog!$E:$E,$A3,Backlog!$F:$F,"ANGI Sprint 5") -> 0 | H3: =SUM(B3:G3) -> 90
A4: Trọng | B4: =SUMIFS(Backlog!$H:$H,Backlog!$E:$E,$A4,Backlog!$F:$F,"ANGI Sprint 0") -> 4 | C4: =SUMIFS(Backlog!$H:$H,Backlog!$E:$E,$A4,Backlog!$F:$F,"ANGI Sprint 1") -> 30 | D4: =SUMIFS(Backlog!$H:$H,Backlog!$E:$E,$A4,Backlog!$F:$F,"ANGI Sprint 2") -> 33 | E4: =SUMIFS(Backlog!$H:$H,Backlog!$E:$E,$A4,Backlog!$F:$F,"ANGI Sprint 3") -> 26 | F4: =SUMIFS(Backlog!$H:$H,Backlog!$E:$E,$A4,Backlog!$F:$F,"ANGI Sprint 4") -> 3 | G4: =SUMIFS(Backlog!$H:$H,Backlog!$E:$E,$A4,Backlog!$F:$F,"ANGI Sprint 5") -> 0 | H4: =SUM(B4:G4) -> 96
A5: Tuấn | B5: =SUMIFS(Backlog!$H:$H,Backlog!$E:$E,$A5,Backlog!$F:$F,"ANGI Sprint 0") -> 5 | C5: =SUMIFS(Backlog!$H:$H,Backlog!$E:$E,$A5,Backlog!$F:$F,"ANGI Sprint 1") -> 25 | D5: =SUMIFS(Backlog!$H:$H,Backlog!$E:$E,$A5,Backlog!$F:$F,"ANGI Sprint 2") -> 32 | E5: =SUMIFS(Backlog!$H:$H,Backlog!$E:$E,$A5,Backlog!$F:$F,"ANGI Sprint 3") -> 24 | F5: =SUMIFS(Backlog!$H:$H,Backlog!$E:$E,$A5,Backlog!$F:$F,"ANGI Sprint 4") -> 7 | G5: =SUMIFS(Backlog!$H:$H,Backlog!$E:$E,$A5,Backlog!$F:$F,"ANGI Sprint 5") -> 0 | H5: =SUM(B5:G5) -> 93
A6: Đức | B6: =SUMIFS(Backlog!$H:$H,Backlog!$E:$E,$A6,Backlog!$F:$F,"ANGI Sprint 0") -> 5 | C6: =SUMIFS(Backlog!$H:$H,Backlog!$E:$E,$A6,Backlog!$F:$F,"ANGI Sprint 1") -> 34 | D6: =SUMIFS(Backlog!$H:$H,Backlog!$E:$E,$A6,Backlog!$F:$F,"ANGI Sprint 2") -> 31 | E6: =SUMIFS(Backlog!$H:$H,Backlog!$E:$E,$A6,Backlog!$F:$F,"ANGI Sprint 3") -> 19 | F6: =SUMIFS(Backlog!$H:$H,Backlog!$E:$E,$A6,Backlog!$F:$F,"ANGI Sprint 4") -> 8 | G6: =SUMIFS(Backlog!$H:$H,Backlog!$E:$E,$A6,Backlog!$F:$F,"ANGI Sprint 5") -> 0 | H6: =SUM(B6:G6) -> 97
A8: Đơn vị: story point. Dũng gánh thêm việc PM nên tải code để thấp hơn các bạn khác.
