Workbook

Sheet Tổng quan
A1: ANGI – Thiết kế API (API Design)
A4: Các sheet
A5: Sheet | B5: Nội dung | C5: Số dòng
A6: Backend API | B6: API công khai của backend .NET cho app (Guest, Traveler, Owner, Mod, Admin) | C6: =COUNTA('Backend API'!A:A)-1
A7: Reco API (nội bộ) | B7: API nội bộ của Recommendation Service (FastAPI), chỉ backend và outbox worker gọi | C7: =COUNTA('Reco API (nội bộ)'!A:A)-1
A8: UC ↔ API | B8: Ma trận use case → endpoint (phủ đủ 66 UC) | C8: =COUNTA('UC ↔ API'!A:A)-1
A9: Chi tiết Request-Response | B9: Từng trường của request body và response cho mọi endpoint: kiểu, bắt buộc, ràng buộc, ví dụ | C9: =COUNTA('Chi tiết Request-Response'!A:A)-1
A10: JSON mẫu | B10: Request / response mẫu dạng JSON của từng endpoint (mỗi dòng JSON một ô) | C10: =COUNTA('JSON mẫu'!A:A)-1
A11: DTO | B11: Từng trường của các object dùng chung trong request / response | C11: =COUNTA(DTO!A:A)-1
A12: Mã lỗi | B12: Danh mục errorCode và HTTP status | C12: =COUNTA('Mã lỗi'!A:A)-1
A13: Enum | B13: Giá trị hợp lệ của các trường trạng thái (khớp CHECK trong DB) | C13: =COUNTA(Enum!A:A)-1
A15: Số endpoint backend theo nhóm
A16: Nhóm (Module) | B16: Số endpoint
A17: Auth | B17: =COUNTIF('Backend API'!B:B,A17)
A18: Tài khoản | B18: =COUNTIF('Backend API'!B:B,A18)
A19: Thông báo | B19: =COUNTIF('Backend API'!B:B,A19)
A20: Media | B20: =COUNTIF('Backend API'!B:B,A20)
A21: Danh mục | B21: =COUNTIF('Backend API'!B:B,A21)
A22: Trang chủ | B22: =COUNTIF('Backend API'!B:B,A22)
A23: Món ăn | B23: =COUNTIF('Backend API'!B:B,A23)
A24: Nhà hàng | B24: =COUNTIF('Backend API'!B:B,A24)
A25: Báo cáo | B25: =COUNTIF('Backend API'!B:B,A25)
A26: Sở thích | B26: =COUNTIF('Backend API'!B:B,A26)
A27: Roadmap | B27: =COUNTIF('Backend API'!B:B,A27)
A28: Gợi ý | B28: =COUNTIF('Backend API'!B:B,A28)
... A44: Vận hành | B44: =COUNTIF('Backend API'!B:B,A44)
A45: Tổng | B45: =SUM(B17:B44)
A47: Quy ước chung
A48: Base URL | B48: Backend: https://{host}/api/v1 (public, HTTPS). Reco: http://reco:8000 (chỉ trong mạng nội bộ / docker network, không public).
A49: Định dạng | B49: JSON UTF-8. Backend dùng camelCase; Reco dùng snake_case (Pydantic model của angi-reco).
A50: Xác thực | B50: JWT Bearer: header Authorization: Bearer <accessToken>. Access token 15 phút; refresh token 30 ngày, xoay vòng mỗi lần dùng (bảng user_sessions). Claims: sub (userId), email, role, email_verified, sid (user_sessions.id của phiên cấp token; đổi sau mỗi lần refresh), jti. Permission của Mod không nằm trong JWT mà đọc từ DB (cache ngắn) để Admin đổi quyền có hiệu lực ngay.
A51: Cột Auth / Role | B51: Public: không cần token. Public (token tùy chọn): có token thì cá nhân hóa (gợi ý, likedByMe...). Role cụ thể: chỉ role đó gọi được, sai role trả 403. Tài khoản không ở trạng thái active bị chặn ở mọi endpoint cần đăng nhập, kể cả khi access token còn hạn: 403 ACCOUNT_SUSPENDED (data.suspendedUntil), ACCOUNT_BANNED, ACCOUNT_DEACTIVATED, EMAIL_NOT_VERIFIED (như AUTH-04). Trạng thái đọc từ DB với cache 30 giây; thao tác đổi users.status xóa cache của user đó để có hiệu lực ngay.
A52: Cột Permission | B52: Chỉ áp dụng cho Mod/Admin. Quyền hiệu lực = quyền mặc định của role + allow − deny (user_permissions). Admin có mọi quyền.
A53: Ký hiệu body | B53: Cột Request body / Response ở sheet Backend và Reco là bản tóm tắt: field*: bắt buộc · field?: tùy chọn · a | b: một trong các giá trị · T[]: mảng · string(2..100): độ dài · · con: trường lồng bên trong · …X: gồm mọi trường của DTO X · Paged<X>: danh sách phân trang. Đặc tả đầy đủ từng trường ở sheet Chi tiết Request-Response, JSON mẫu ở sheet JSON mẫu. Ở phần response, Bắt buộc = Có nghĩa là trường luôn có mặt trong JSON (giá trị vẫn có thể null nếu kiểu ghi | null). Các trường ghi ở cột Response và ở sheet Chi tiết Request-Response là nội dung của field data trong ApiResponse (xem dòng Định dạng response bên dưới).
A54: Lỗi | B54: Mọi lỗi cũng trả ApiResponse với success = false, data = null, message (câu thông báo cho người dùng) và errorCode (sheet Mã lỗi). Lỗi validation có thêm errors: tên trường → danh sách lỗi. HTTP status vẫn đúng loại lỗi: 400, 401, 403, 404, 405, 409, 429, 500, 503. Các lỗi chung không lặp lại ở từng dòng: 401 UNAUTHORIZED, 403 FORBIDDEN (sai role / thiếu permission), 400 VALIDATION_FAILED, 404 ROUTE_NOT_FOUND (sai đường dẫn), 405 METHOD_NOT_ALLOWED (sai method), 429, 500.
A55: Phân trang | B55: Danh sách thường: page (từ 1), pageSize (mặc định 20, tối đa 100) → Paged<T>. Danh sách món đi qua reco: cursor + limit, trả requestId để app gửi impressions.
A56: Thời gian, tiền, ID | B56: Thời điểm: ISO 8601 UTC. Giờ mở cửa: "HH:mm" theo giờ Việt Nam. Ngày: yyyy-MM-dd. Tiền: số nguyên VND. ID: int/long (users.id, dishes.id là int); UUID chỉ dùng cho requestId (reco) và eventUuid (feedback / outbox).
A57: Xóa | B57: DELETE là xóa mềm (deleted_at) với users, restaurants, roadmaps, blogs, comments; trả 200 với data = null.
A58: Backend ↔ Reco | B58: Đồng bộ món và like/dislike đi qua transactional outbox: trigger ghi core.outbox_messages, worker .NET gọi Reco kèm Idempotency-Key = event_uuid. Khảo sát, gợi ý (/recommendations), impressions và trạng thái khảo sát gọi trực tiếp. Reco xác thực bằng header X-Api-Key (secret chung, cấu hình qua biến môi trường). Thứ tự ứng viên: Ứng viên gửi reco sắp sẵn theo rating trung bình của quán giảm dần, rồi like_count của món giảm dần (reco sắp ổn định nên món bằng điểm giữ thứ tự này). Lọc xong còn quá 2000 món thì chỉ gửi 2000 món đầu theo thứ tự này (RECO-05 nhận tối đa 2000). Mọi lời gọi trực tiếp (RECO-03, 05, 06, 09) dùng chung timeout 800 ms (Recommendation:TimeoutMilliseconds).
A59: Rate limit | B59: Auth: login 5 lần sai / 15 phút / email+IP; forgot-password, resend 1 lần / 60s. API khác: 100 request / phút / user (theo IP khi chưa đăng nhập). Vượt giới hạn trả 429 + Retry-After.
... A61: Định dạng response | B61: Mọi response của backend (thành công và lỗi) bọc trong ApiResponse<T>: { "success": true, "message": null, "errorCode": null, "data": { ... } } Endpoint không có dữ liệu trả về: 200 OK với data = null. Chỉ RM-10 và IMP-01 trả 202 Accepted (có data). Reco API nội bộ không bọc (FastAPI trả body trực tiếp, chỉ backend đọc). Lỗi của Reco API cũng không bọc: { "error_code": "...", "message": "...", "errors": { trường: [lỗi] } }; errors chỉ có ở 422 VALIDATION_FAILED. Backend và outbox worker rẽ nhánh theo error_code, không theo message. Mã chung của reco: 401 UNAUTHORIZED (thiếu / sai X-Api-Key), 404 NOT_FOUND (sai đường dẫn), 405 METHOD_NOT_ALLOWED, HTTP_ERROR (lỗi HTTP khác của framework), 422 VALIDATION_FAILED, 500 INTERNAL_ERROR. Mã riêng ở cột Lỗi của sheet Reco API. Outbox worker coi 4xx là dead, 5xx là thử lại, nên lỗi tạm thời luôn trả 503 kèm Retry-After.
A62: Quyết định đã chốt với nhóm (02/10/2026)
A63: Thử lại sinh vector món | B63: Bỏ endpoint RECO-08. Reco tự chạy vòng lặp nền mỗi 5 phút gọi regenerate_pending() (chạy 1 bản reco nên không cần khóa dòng).
A64: Guest và recommendation | B64: Guest gọi /recommendations không có user_id; reco chỉ xếp theo Wilson, không ghi log (request_id = null, không có impression). Không sửa DB.
A65: Menu của nhà hàng (REST-03) | B65: Theo thứ tự sort_order của Owner, không qua reco, không tính impression (trang của quán, không phải danh sách gợi ý).
A66: Đổi món của roadmap item (RM-08) | B66: Đổi dishId tạo item mới (id mới) để like/dislike không dính sang món mới; app cập nhật id item sau khi sửa.
A67: Feedback khi vector món chưa sẵn sàng (RECO-04) | B67: Reco trả 503 kèm Retry-After để worker thử lại (không dùng 4xx vì worker coi 4xx là dead).
A68: Báo cáo comment | B68: Không có. Chỉ report nhà hàng và blog; Mod ẩn/gỡ comment trực tiếp (MOD-B3).
A69: dishes.like_count / dislike_count | B69: Chỉ dùng để hiển thị. Wilson vẫn tính ở reco từ dish_stats.
A70: Ràng buộc ăn uống | B70: Bỏ hoàn toàn user_tag_constraints; app gửi excludeTagIds khi cần lọc.
A71: Budget của roadmap | B71: Tính theo giá hiện tại của món; Owner đổi giá thì budget đổi theo.
A72: Tỉnh/thành | B72: Nguồn: provinces.open-api.vn. App lấy danh sách tỉnh từ đó; restaurants.province_name và tham số province dùng đúng tên tỉnh của nguồn này.
A74: Thay đổi Ver1.6 (03/10/2026)
A75: Định dạng response | B75: Bọc mọi response trong ApiResponse<T> theo coding_rule.md; bỏ ProblemDetails (sheet DTO).
A76: 204 / 202 không body | B76: AUTH-03, AUTH-07, AUTH-08, AUTH-09, ME-03, RM-05, RM-09, BLOG-07, BLOG-11, OWN-16 trả 200 OK với data = null.
A77: Mã lỗi 422, 410, 413, 415 | B77: Đổi thành 400, giữ nguyên errorCode (backend chỉ có BadRequestException cho các lỗi dữ liệu / nghiệp vụ).
A78: Theo Data Dictionary Ver1.0 | B78: users.avatar_url đổi thành avatar_media_id (FK media_files). ME-02 lưu avatarMediaId vào cột này; avatarUrl trong response lấy từ media_files.url. Request/response không đổi.
A79: Dọn ghi chú cũ | B79: Bỏ nhắc tới SURVEY_SUBMITTED (đã bỏ khỏi outbox) và tag dị ứng (đã bỏ từ trước).
A81: Thay đổi Ver1.7 (06/10/2026)
A82: Vị trí và lộ trình | B82: Khi lập roadmap có 3 cách chọn điểm xuất phát: chấm trên bản đồ (pinned, lưu tọa độ), vị trí GPS hiện tại (gps, không lưu), chưa có vị trí (none, chỉ chọn tỉnh). RM-01, RM-04 thêm originMode / originLatitude / originLongitude / originLabel; DTO RoadmapSummary thêm các trường này.
A83: Lọc quán gần | B83: DISH-01, RM-06 thêm lat / lng / radiusKm; DISH-03 (Roll Dish) thêm latitude / longitude / radiusKm. Lọc bounding box rồi Haversine trên tọa độ quán, thứ hạng vẫn do reco (Recommendation Design không đổi).
A84: AI generation (RM-10) | B84: Thêm currentLatitude / currentLongitude / radiusKm. Job lọc theo bán kính quanh điểm xuất phát và gom món theo cụm địa lý từng ngày (mỏ neo + 3 km) để các quán trong một ngày gần nhau.
A85: Endpoint mới RM-14 | B85: GET /roadmaps/{roadmapId}/days/{dayId}/route: km và phút từng chặng của một ngày qua Mapbox Directions, có chặng đầu từ điểm xuất phát khi pinned / gps. Không lưu DB, cache trong bộ nhớ; Mapbox lỗi thì ước lượng.
A86: Không theo dõi realtime | B86: Dẫn đường giao cho Google Maps: app tạo link mở lộ trình từng ngày (google.com/maps/dir/?api=1&origin=...&destination=...&waypoints=...), không cần backend.
A87: Theo Data Dictionary Ver1.1 | B87: restaurants.latitude / longitude NOT NULL; roadmaps thêm origin_mode, origin_latitude, origin_longitude, origin_label.
A89: Thay đổi Ver1.8 (07/10/2026)
A90: Theo Recommendation Design Ver1.1 | B90: Implicit lưu tổng thô (implicit_raw) và chỉ nén khi đọc; UCB dùng ln(N_total + 1), γ = 0 cho tới giai đoạn 3. Ghi chú RECO-04, RECO-05 cập nhật theo.
A91: Thứ tự món bằng điểm | B91: HOME-01, DISH-01, DISH-03, RM-06, RM-10 gửi candidate_dish_ids đã sắp theo rating quán rồi like_count; RECO-05 sắp ổn định. Tránh danh sách lộn xộn khi mọi món có Wilson = 0 lúc mới chạy.
A92: Sửa DTO RecoItem | B92: recommend_score = (1 − γ)·Final + γ·Exploration (bản trước ghi nhầm Final + Exploration).
A93: Theo Data Dictionary Ver1.2 | B93: user_dish_scores thêm implicit_raw.
A94: Giới hạn 2000 ứng viên | B94: RECO-05 nhận tối đa 2000 candidate_dish_ids. Duyệt cả tỉnh có thể lọc ra nhiều hơn: backend chỉ gửi 2000 món đầu theo thứ tự rating quán rồi like_count.
A95: Mock reco khi phát triển | B95: Backend code và test DISH-01, HOME-01, DISH-03, RM-06, RM-10 được trước khi reco chạy: bản mock của IRecommendationService trả lại candidate_dish_ids đúng thứ tự đã gửi, requestId = null (giống fallback quá 800 ms). Backend chưa cấu hình Recommendation:BaseUrl thì client chạy đúng như bản mock này và không gọi HTTP: RECO-05 trả ứng viên theo thứ tự, RECO-09 trả null, RECO-06 bỏ qua, RECO-03 trả 503.
A96: Key dịch vụ ngoài | B96: Backend: Google ClientId, Brevo ApiKey, Cloudinary (CloudName, ApiKey, ApiSecret), Mapbox secret token, Recommendation ApiKey (X-Api-Key). Reco: key LLM sinh dish vector, X-Api-Key. Frontend: Google ClientId, Mapbox public token (pk.*). Không commit key: local dùng user-secrets / .env, Render và Vercel dùng biến môi trường; repo chỉ có .env.example.
A97: Lỗi của Reco API | B97: Ghi format lỗi { error_code, message, errors? } và mã chung (Tổng quan, Định dạng response). Cột Lỗi của sheet Reco API ghi đủ error_code: RECO-06 dùng 404 REQUEST_NOT_FOUND, 403 FORBIDDEN; mọi 422 là VALIDATION_FAILED. RECO-03 dùng SURVEY_ALREADY_SUBMITTED giống backend (bỏ SURVEY_ALREADY_EXISTS). JSON mẫu của RECO bỏ lớp ApiResponse, thêm mẫu lỗi ERR-RECO.
A98: RECO-07 /health | B98: active_config_version: int | null. 503 khi DB lỗi hoặc không có cấu hình active, body giống 200 với active_config_version = null; thêm JSON mẫu 503.
A99: RECO-01 result | B99: Sheet Reco API ghi đủ created | content_changed | unchanged | stale như sheet Chi tiết.
A100: Mã lỗi, Enum, UC ↔ API | B100: Mã lỗi thêm 404 NO_CANDIDATE, 409 BLOG_REMOVED, DISH_REMOVED, REVIEW_NOT_VISIBLE, OUTBOX_MESSAGE_NOT_DEAD (đã dùng ở sheet Backend API). Enum thêm outbox_messages.status, user_permissions.effect, user_tokens.purpose, user_external_logins.provider, dish_vectors.status (theo Data Dictionary). UC ↔ API thêm OPS-02 vào View Dashboard.
A101: Ô bị hiểu là công thức | B101: Ba ô mô tả bắt đầu bằng "=" (Chi tiết: RECO-01 dish_id, RECO-04 event_uuid; DTO: effective) bị Excel coi là công thức và hiện lỗi; ghi lại thành chữ "Bằng ...".
... A118: Bỏ district | B118: Việt Nam bỏ cấp quận/huyện từ 01/07/2025, địa chỉ nhà hàng còn 2 cấp provinceName + ward. Bỏ district khỏi OWN-01 (trước bắt buộc), OWN-03, bộ lọc REST-01 / DISH-01, RestaurantCard, RestaurantMini, OwnerRestaurant, RestaurantDetail, phần Chi tiết, DTO và JSON mẫu; address trong snapshot roadmap của blog là addressLine, ward, provinceName. Client cũ còn gửi district thì bị bỏ qua.

Sheet Backend API
A1: ID | B1: Module | C1: Use case | D1: Actor | E1: Method | F1: Endpoint | G1: Mô tả | H1: Auth / Role | I1: Permission (Mod/Admin) | J1: Path / Query params | K1: Request body | L1: Response thành công | M1: Mã lỗi riêng | N1: Bảng DB / Reco / Outbox | O1: Ghi chú nghiệp vụ
A2: AUTH-01 | B2: Auth | C2: Register Account | D2: Guest | E2: POST | F2: /api/v1/auth/register | G2: Tạo tài khoản bằng email/mật khẩu. Người dùng chọn role ngay lúc đăng ký (Traveler hoặc Restaurant Owner). Gửi email xác minh. | H2: Public | K2: application/json email*: string(email, ≤255) password*: string(8..64) displayName*: string(2..100) role*: TRAVELER | RESTAURANT_OWNER | L2: 201 Created userId*: int email*: string role*: enum status*: enum | M2: 409 EMAIL_ALREADY_EXISTS 400 VALIDATION_FAILED (role khác 2 giá trị cho phép cũng trả mã này) | N2: users, user_tokens(email_verify), audit_logs (USER_REGISTERED) | O2: Mod/Admin không tự đăng ký được. Token xác minh chỉ lưu hash, hạn 24h, dùng 1 lần. Link trong email: {Frontend:BaseUrl}/verify-email?token=<token>; trang đó gọi AUTH-02.
A3: AUTH-02 | B3: Auth | C3: Verify Email | D3: Guest | E3: POST | F3: /api/v1/auth/verify-email | G3: Xác minh email bằng token trong link gửi qua mail. | H3: Public | K3: application/json token*: string | L3: 200 OK userId*: int emailVerifiedAt*: datetime status*: enum | M3: 400 TOKEN_INVALID 400 TOKEN_EXPIRED 409 TOKEN_ALREADY_USED | N3: user_tokens, users.email_verified_at, users.status | O3: Đổi status pending_verification → active.
A4: AUTH-03 | B4: Auth | C4: Verify Email | D4: Guest | E4: POST | F4: /api/v1/auth/verify-email/resend | G4: Gửi lại email xác minh. | H4: Public | K4: application/json email*: string(email) | L4: 200 OK data: null | M4: 429 TOO_MANY_REQUESTS (tối đa 1 lần / 60s / email) | N4: user_tokens | O4: Không tiết lộ email có tồn tại hay không. Token cũ chưa dùng bị vô hiệu. Link trong email: {Frontend:BaseUrl}/verify-email?token=<token>; trang đó gọi AUTH-02.
A5: AUTH-04 | B5: Auth | C5: Login | D5: Guest | E5: POST | F5: /api/v1/auth/login | G5: Đăng nhập bằng email/mật khẩu, trả access token (JWT) và refresh token. | H5: Public | K5: application/json email*: string(email) password*: string | L5: 200 OK …AuthResult (mọi trường của AuthResult) | M5: 401 INVALID_CREDENTIALS 403 EMAIL_NOT_VERIFIED 403 ACCOUNT_SUSPENDED (kèm suspendedUntil) 403 ACCOUNT_BANNED 403 ACCOUNT_DEACTIVATED 429 TOO_MANY_REQUESTS (5 lần sai / 15 phút) | N5: users, user_sessions (user_agent, ip_address lấy từ header request), users.last_login_at, audit_logs (USER_LOGIN) | O5: AuthResult.user.needsPreferenceSurvey: với TRAVELER, backend hỏi reco (RECO-09); true khi reco chưa có survey_at. Reco lỗi thì trả null, app gọi lại ME-01 (preferenceStatus).
A6: AUTH-05 | B6: Auth | C6: Login with Google | D6: Guest | E6: POST | F6: /api/v1/auth/google | G6: Đăng nhập hoặc đăng ký bằng Google ID token. Lần đầu (chưa có tài khoản) phải gửi role. | H6: Public | K6: application/json idToken*: string role?: TRAVELER | RESTAURANT_OWNER | L6: 200 OK …AuthResult (mọi trường của AuthResult) isNewUser*: bool | M6: 401 GOOGLE_TOKEN_INVALID 400 ROLE_REQUIRED (tài khoản mới mà thiếu role) 403 ACCOUNT_SUSPENDED / ACCOUNT_BANNED | N6: users, user_external_logins, user_sessions | O6: Email Google đã xác minh nên email_verified_at = now(). Nếu email đã có tài khoản mật khẩu thì liên kết vào tài khoản đó (provider = google). Nếu tài khoản mật khẩu đó chưa xác minh email thì khi liên kết xóa mật khẩu cũ và thu hồi mọi phiên: mật khẩu do người đăng ký đặt chưa chứng minh được là chủ email, Google đã chứng minh. Người dùng muốn đăng nhập bằng mật khẩu thì dùng Quên mật khẩu (AUTH-08). Tài khoản đã xác minh email thì giữ nguyên mật khẩu.
A7: AUTH-06 | B7: Auth | C7: Login | D7: Registered User | E7: POST | F7: /api/v1/auth/refresh | G7: Đổi refresh token lấy cặp token mới (rotation). | H7: Public | K7: application/json refreshToken*: string | L7: 200 OK …AuthResult (mọi trường của AuthResult) | M7: 401 REFRESH_TOKEN_INVALID (hết hạn, đã thu hồi, hoặc đã dùng: thu hồi cả phiên) | N7: user_sessions | O7: Refresh token cũ bị thu hồi ngay; dùng lại token cũ coi như bị đánh cắp và thu hồi phiên.
A8: AUTH-07 | B8: Auth | C8: Login | D8: Registered User | E8: POST | F8: /api/v1/auth/logout | G8: Đăng xuất phiên hiện tại. | H8: Đã đăng nhập (mọi role) | K8: application/json refreshToken*: string | L8: 200 OK data: null | N8: user_sessions.revoked_at
A9: AUTH-08 | B9: Auth | C9: Forgot Password | D9: Guest | E9: POST | F9: /api/v1/auth/forgot-password | G9: Yêu cầu link đặt lại mật khẩu qua email. | H9: Public | K9: application/json email*: string(email) | L9: 200 OK data: null | M9: 429 TOO_MANY_REQUESTS | N9: user_tokens(password_reset) | O9: Token hạn 30 phút, dùng 1 lần. Tài khoản chỉ dùng Google vẫn được đặt mật khẩu qua luồng này. Link trong email: {Frontend:BaseUrl}/reset-password?token=<token>; trang đó gọi AUTH-09.
A10: AUTH-09 | B10: Auth | C10: Reset Password | D10: Guest | E10: POST | F10: /api/v1/auth/reset-password | G10: Đặt mật khẩu mới bằng token khôi phục. | H10: Public | K10: application/json token*: string newPassword*: string(8..64) | L10: 200 OK data: null | M10: 400 TOKEN_INVALID 400 TOKEN_EXPIRED 400 VALIDATION_FAILED | N10: user_tokens, users.password_hash, user_sessions, audit_logs (PASSWORD_RESET) | O10: Thu hồi mọi phiên đang mở của user sau khi đổi.
A11: ME-01 | B11: Tài khoản | C11: Manage Personal Profile | D11: Registered User | E11: GET | F11: /api/v1/me | G11: Lấy hồ sơ của người đang đăng nhập. | H11: Đã đăng nhập (mọi role) | K11: (không có body) | L11: 200 OK …UserProfile (mọi trường của UserProfile) | N11: users, roles, restaurants (nếu là Owner); preferenceStatus lấy từ reco RECO-09 | O11: UserProfile có permissions[] (quyền hiệu lực) để app ẩn/hiện menu Mod/Admin.
A12: ME-02 | B12: Tài khoản | C12: Manage Personal Profile | D12: Registered User | E12: PATCH | F12: /api/v1/me | G12: Cập nhật thông tin cá nhân. | H12: Đã đăng nhập (mọi role) | K12: application/json displayName?: string(2..100) phone?: string(≤20) | null bio?: string(≤500) | null avatarMediaId?: long | null | L12: 200 OK …UserProfile (mọi trường của UserProfile) | M12: 400 VALIDATION_FAILED 404 MEDIA_NOT_FOUND | N12: users, media_files, audit_logs (PROFILE_UPDATED) | O12: Email và role không đổi được qua API này. Backend lưu avatarMediaId vào users.avatar_media_id; avatarUrl trong response lấy từ media_files.url.
A13: ME-03 | B13: Tài khoản | C13: Change Password | D13: Registered User | E13: PUT | F13: /api/v1/me/password | G13: Đổi mật khẩu khi đã đăng nhập. | H13: Đã đăng nhập (mọi role) | K13: application/json currentPassword?: string newPassword*: string(8..64) | L13: 200 OK data: null | M13: 400 WRONG_CURRENT_PASSWORD 400 VALIDATION_FAILED (mật khẩu mới trùng mật khẩu cũ cũng trả mã này) | N13: users.password_hash, user_sessions, audit_logs (PASSWORD_CHANGED) | O13: Thu hồi các phiên khác, giữ phiên hiện tại: phiên có id bằng claim sid của access token. Token không có sid thì thu hồi mọi phiên.
A14: NOTI-01 | B14: Thông báo | C14: View Notifications | D14: Registered User | E14: GET | F14: /api/v1/me/notifications | G14: Danh sách thông báo của tôi, mới nhất trước. | H14: Đã đăng nhập (mọi role) | J14: isRead?: bool, type?: string, page, pageSize | K14: (không có body) | L14: 200 OK Paged<Notification> (items, page, pageSize, totalItems, totalPages) unreadCount*: int | N14: notifications | O14: type ví dụ: VERIFICATION_APPROVED, MENU_REJECTED, BLOG_COMMENTED, BLOG_LIKED, REVIEW_REPLIED, REPORT_RESOLVED, ACCOUNT_SANCTIONED, ROADMAP_GENERATED.
A15: NOTI-02 | B15: Thông báo | C15: View Notifications | D15: Registered User | E15: GET | F15: /api/v1/me/notifications/unread-count | G15: Số thông báo chưa đọc (badge). | H15: Đã đăng nhập (mọi role) | K15: (không có body) | L15: 200 OK unreadCount*: int | N15: notifications
A16: NOTI-03 | B16: Thông báo | C16: Mark Notification as Read | D16: Registered User | E16: POST | F16: /api/v1/me/notifications/read | G16: Đánh dấu đã đọc một hoặc nhiều thông báo, hoặc tất cả. | H16: Đã đăng nhập (mọi role) | K16: application/json ids?: long[] (≤100) all?: bool | L16: 200 OK updated*: int | M16: 400 VALIDATION_FAILED | N16: notifications.read_at | O16: Bỏ qua id không thuộc người dùng.
A17: MEDIA-01 | B17: Media | C17: (dùng chung) | D17: Registered User | E17: POST | F17: /api/v1/media | G17: Upload ảnh hoặc tài liệu, trả mediaId để gắn vào hồ sơ, món, blog, review, hồ sơ xác minh. | H17: Đã đăng nhập (mọi role) | K17: multipart/form-data file*: file purpose*: avatar | restaurant | dish | blog | review | verification_doc | report_evidence | L17: 201 Created …MediaFile (mọi trường của MediaFile) | M17: 400 FILE_TOO_LARGE (ảnh ≤ 5MB, PDF ≤ 10MB) 400 UNSUPPORTED_MEDIA_TYPE (jpg, png, webp; pdf chỉ cho verification_doc) | N17: media_files | O17: File lưu ở object storage; DB chỉ lưu storage_key, url.
A18: CAT-02 | B18: Danh mục | C18: (dùng chung) | D18: Guest, Registered User | E18: GET | F18: /api/v1/tags | G18: Danh sách tag (bữa, chế độ ăn, loại món). | H18: Public | J18: type?: meal_time | dietary | category | K18: (không có body) | L18: 200 OK Tag[] | N18: tags
A19: HOME-01 | B19: Trang chủ | C19: View Home Page | D19: Guest, Traveler | E19: GET | F19: /api/v1/home | G19: Dữ liệu trang chủ: món trending, quán top, blog nổi bật, món gợi ý cho bạn. Banner do frontend hardcode, không có trong API. | H19: Public (token tùy chọn) | J19: province?: string (tên tỉnh, khớp restaurants.province_name), limit?: int (mỗi khối, mặc định 10) | K19: (không có body) | L19: 200 OK trendingDishes*: DishCard[] topRestaurants*: RestaurantCard[] featuredBlogs*: BlogCard[] recommended*: object · requestId?: uuid | null · items*: DishCard[] | N19: dish_feedbacks (like 7 ngày), restaurants.rating_avg, blogs(like_count + comment_count); reco RECO-05 context=home | O19: Có token Traveler: gọi reco có user_id, trả requestId để app gửi impressions (IMP-01). Guest: gọi reco không có user_id, chỉ xếp theo Wilson, requestId = null. Trending: món ứng viên (như DISH-01) có nhiều like (dish_feedbacks) nhất trong 7 ngày, thiếu thì bù theo like_count rồi rating quán; truy vấn trực tiếp, không dùng materialized view. topRestaurants: như REST-01 sắp theo rating. featuredBlogs: blog published đăng trong 30 ngày xếp trước, theo like_count + comment_count rồi mới nhất; thiếu thì bù blog cũ hơn; không lọc theo province (blog không có tỉnh). province lọc trending, topRestaurants, recommended (chứa chuỗi, không phân biệt hoa thường). limit 1..50. Chỉ Traveler được cá nhân hoá, role khác như Guest. Ứng viên gửi reco sắp sẵn theo rating trung bình của quán giảm dần, rồi like_count của món giảm dần (reco sắp ổn định nên món bằng điểm giữ thứ tự này). Lọc xong còn quá 2000 món thì chỉ gửi 2000 món đầu theo thứ tự này (RECO-05 nhận tối đa 2000).
A20: DISH-01 | B20: Món ăn | C20: Browse Dish | D20: Guest, Traveler | E20: GET | F20: /api/v1/dishes | G20: Duyệt và tìm món. Backend lọc tập ứng viên (truy vấn A1) rồi gọi reco để xếp hạng. | H20: Public (token tùy chọn) | J20: q?: string, province?: string, tagIds?: smallint[], excludeTagIds?: smallint[], dishForm?: soup|dry|other, minPrice?, maxPrice?, restaurantId?, lat?: decimal, lng?: decimal, radiusKm?: decimal(≤50, cần lat/lng), cursor?: string, limit?: int(1..50, mặc định 20) | K20: (không có body) | L20: 200 OK requestId?: uuid | null items*: DishCard[] nextCursor?: string | null | M20: 400 INVALID_CURSOR (hết hạn: app gọi lại không có cursor) | N20: dishes, restaurants, dish_tags; reco RECO-05 context=list | O20: Chỉ món status=active, is_available, của quán verified + visible + chưa xóa. Ràng buộc ăn uống (chay, không thịt heo...) không còn lưu theo user: app gửi excludeTagIds mỗi lần gọi. Phân trang: lần đầu reco xếp hạng tối đa 200 món và backend cache danh sách theo requestId 30 phút; cursor = requestId + offset. Có lat/lng: chỉ lấy món của quán trong radiusKm (mặc định 5 km), lọc bounding box rồi Haversine trên restaurants.latitude/longitude; thứ hạng vẫn do reco. Ứng viên gửi reco sắp sẵn theo rating trung bình của quán giảm dần, rồi like_count của món giảm dần (reco sắp ổn định nên món bằng điểm giữ thứ tự này). Lọc xong còn quá 2000 món thì chỉ gửi 2000 món đầu theo thứ tự này (RECO-05 nhận tối đa 2000). Chỉ quán đang open (operating_status = open), như ghi chú OWN-05. tagIds: trong cùng một tagType chỉ cần khớp 1 tag, giữa các tagType phải khớp đủ (vd [trưa, tối, món nước] = (trưa hoặc tối) và món nước); excludeTagIds: bỏ món có bất kỳ tag nào. q: tìm không phân biệt hoa thường trong tên món và tên quán. Chỉ Traveler được cá nhân hoá; role khác xếp như Guest (requestId = null). cursor do backend tạo, app gửi lại nguyên văn; danh sách vẫn phân trang khi reco trả requestId = null; cursor sai, hết 30 phút hoặc của user khác → INVALID_CURSOR. rank = vị trí trong danh sách đã xếp hạng.
A21: DISH-02 | B21: Món ăn | C21: View Dish Detail | D21: Guest, Traveler | E21: GET | F21: /api/v1/dishes/{dishId} | G21: Chi tiết món kèm tóm tắt nhà hàng tương ứng. | H21: Public (token tùy chọn) | J21: dishId: int | K21: (không có body) | L21: 200 OK …DishDetail (mọi trường của DishDetail) | M21: 404 DISH_NOT_FOUND (không tồn tại, bị ẩn/gỡ, hoặc quán không hiển thị) | N21: dishes, dish_tags, dish_images, restaurants | O21: DishDetail.restaurant có id để mở REST-02 (UC View Corresponding Restaurant Detail).
A22: DISH-03 | B22: Món ăn | C22: Roll Dish | D22: Traveler | E22: POST | F22: /api/v1/dishes/roll | G22: Roll ngẫu nhiên một món phù hợp. Backend lọc ứng viên, gọi reco lấy top 10, chọn ngẫu nhiên có trọng số theo recommendScore. | H22: TRAVELER | K22: application/json province?: string tagIds?: smallint[] excludeTagIds?: smallint[] mealTime?: breakfast | lunch | dinner | snack maxPrice?: decimal excludeDishIds?: int[] (≤50) latitude?: decimal(-90..90) longitude?: decimal(-180..180) radiusKm?: decimal(0.5..50) (mặc định 3, cần latitude/longitude) | L22: 200 OK rollId*: long requestId?: uuid | null dish*: DishDetail | M22: 404 NO_CANDIDATE (không còn món thỏa điều kiện) | N22: dish_rolls; reco RECO-05 context=roll; RECO-06 | O22: Món roll ra được backend tự gửi impression (RECO-06), app không cần gửi. Có latitude/longitude (vị trí GPS hiện tại hoặc điểm chấm trên bản đồ): chỉ roll món của quán trong radiusKm, lọc bounding box rồi Haversine. Hết ứng viên thì 404 NO_CANDIDATE, app gợi ý nới bán kính. Ứng viên gửi reco sắp sẵn theo rating trung bình của quán giảm dần, rồi like_count của món giảm dần (reco sắp ổn định nên món bằng điểm giữ thứ tự này). Lọc xong còn quá 2000 món thì chỉ gửi 2000 món đầu theo thứ tự này (RECO-05 nhận tối đa 2000). Reco xếp hạng top 10 (context = roll); backend chọn ngẫu nhiên có trọng số theo recommendScore, rank là vị trí của món trong top 10. Mọi recommendScore ≤ 0 thì chọn đều. Reco lỗi / quá 800 ms: vẫn roll, chọn đều trong 10 món đầu theo thứ tự ứng viên, requestId = null và không gửi RECO-06. tagIds: món có ít nhất 1 tag trong danh sách; mealTime: món có tag meal_time mang code đó; province: chứa chuỗi, không phân biệt hoa thường. distanceKm (làm tròn 1 chữ số) chỉ có khi gửi latitude/longitude. Mỗi lần roll ghi 1 dòng dish_rolls (reco_request_id = requestId).
A23: REST-01 | B23: Nhà hàng | C23: Browse Restaurant | D23: Guest, Traveler | E23: GET | F23: /api/v1/restaurants | G23: Duyệt và tìm nhà hàng. | H23: Public | J23: q?, province?: string, priceLevel?: 1..4, minRating?: 1..5, openNow?: bool, lat?, lng?, radiusKm?: (≤50, cần lat/lng), sort?: rating|distance|newest (mặc định rating), page, pageSize | K23: (không có body) | L23: 200 OK Paged<RestaurantCard> (items, page, pageSize, totalItems, totalPages) | M23: 400 VALIDATION_FAILED (sort=distance mà thiếu lat/lng) | N23: restaurants, restaurant_business_hours | O23: Chỉ quán verified + visible + chưa xóa. Danh sách quán không đi qua reco (reco chấm điểm theo món).
A24: REST-02 | B24: Nhà hàng | C24: View Restaurant Detail; View Corresponding Restaurant Detail | D24: Guest, Traveler | E24: GET | F24: /api/v1/restaurants/{restaurantId} | G24: Chi tiết nhà hàng: thông tin, vị trí, giờ mở cửa, ảnh, rating. | H24: Public | J24: restaurantId: long | K24: (không có body) | L24: 200 OK …RestaurantDetail (mọi trường của RestaurantDetail) | M24: 404 RESTAURANT_NOT_FOUND | N24: restaurants, restaurant_images, restaurant_business_hours | O24: Có token Traveler: kèm myReview (nếu đã review) để app ẩn nút đánh giá.
A25: REST-03 | B25: Nhà hàng | C25: View Restaurant Detail | D25: Guest, Traveler | E25: GET | F25: /api/v1/restaurants/{restaurantId}/menu | G25: Menu đang chạy của nhà hàng. | H25: Public | J25: restaurantId, tagIds?, includeUnavailable?: bool (mặc định true) | K25: (không có body) | L25: 200 OK restaurantId*: long dishes*: DishCard[] | M25: 404 RESTAURANT_NOT_FOUND | N25: dishes, dish_tags | O25: Sắp theo sort_order của Owner, không qua reco và không tính impression (đã chốt với nhóm).
A26: REST-04 | B26: Nhà hàng | C26: View Restaurant Detail | D26: Guest, Traveler | E26: GET | F26: /api/v1/restaurants/{restaurantId}/reviews | G26: Danh sách đánh giá của nhà hàng, kèm phản hồi của Owner. | H26: Public | J26: restaurantId, rating?: 1..5, hasImage?: bool, sort?: newest|rating_desc|rating_asc, page, pageSize | K26: (không có body) | L26: 200 OK Paged<Review> (items, page, pageSize, totalItems, totalPages) ratingAvg*: decimal ratingCount*: int ratingBreakdown*: object | M26: 404 RESTAURANT_NOT_FOUND | N26: restaurant_reviews, review_images, review_replies | O26: Chỉ review và reply status=visible.
A27: REV-01 | B27: Nhà hàng | C27: Feedback Restaurant | D27: Traveler | E27: POST | F27: /api/v1/restaurants/{restaurantId}/reviews | G27: Traveler đánh giá nhà hàng (1 lần / quán). | H27: TRAVELER | J27: restaurantId | K27: application/json rating*: smallint content?: string(≤2000) imageMediaIds?: long[] (≤5) roadmapItemId?: long | L27: 201 Created …Review (mọi trường của Review) | M27: 404 RESTAURANT_NOT_FOUND 409 REVIEW_ALREADY_EXISTS 400 VALIDATION_FAILED | N27: restaurant_reviews, review_images, restaurants.rating_avg / rating_count, notifications (Owner) | O27: UNIQUE (restaurant_id, user_id). roadmapItemId (nếu có) phải thuộc roadmap của user và trỏ tới món của quán này. Chỉ đánh giá được quán verified + visible + chưa xóa (như REST-02); quán khác trả 404 RESTAURANT_NOT_FOUND. rating_avg / rating_count tính lại từ các review đang hiển thị của quán (đã khóa dòng quán), không cộng dồn từ rating_avg đã làm tròn.
A28: REP-01 | B28: Báo cáo | C28: Report Restaurant | D28: Traveler | E28: POST | F28: /api/v1/restaurants/{restaurantId}/reports | G28: Báo cáo nhà hàng sai thông tin hoặc vi phạm. | H28: TRAVELER | J28: restaurantId | K28: application/json reasonCode*: wrong_info | closed | spam | offensive | hygiene | scam | other description?: string(≤1000) evidenceMediaIds?: long[] (≤5) | L28: 201 Created reportId*: long status*: enum | M28: 404 RESTAURANT_NOT_FOUND 409 REPORT_ALREADY_PENDING | N28: reports(target_type=restaurant) | O28: Vào hàng đợi Handle Restaurant Report (MOD-RP*). evidenceMediaIds chỉ nhận media do chính người báo cáo tải lên (MEDIA-01); id lặp được gộp, id không tồn tại hoặc của người khác trả 400 VALIDATION_FAILED. Lý do: Mod nhận URL đã ký của bằng chứng, nên không được trỏ tới file riêng tư của người khác (ví dụ giấy tờ xác minh). Chỉ báo cáo được quán verified + visible + chưa xóa (như REST-02); quán khác trả 404 RESTAURANT_NOT_FOUND.
A29: PREF-02 | B29: Sở thích | C29: Set Up Preference Profile | D29: Traveler | E29: POST | F29: /api/v1/me/preference-survey | G29: Nộp khảo sát (chỉ 1 lần, lúc mới vào hệ thống). Backend không lưu câu trả lời, chỉ chuyển ngay sang reco để tạo vector khởi đầu. | H29: TRAVELER | K29: application/json answers*: object[] (1..50) · optionCode*: string · scaleValue?: decimal(0..1) | L29: 201 Created completed*: bool answerCount*: int hasVector*: bool | M29: 409 SURVEY_ALREADY_SUBMITTED (reco đã có survey_at, kể cả đã bỏ qua) 400 UNKNOWN_OPTION_CODE 503 SERVICE_UNAVAILABLE (reco lỗi: app giữ câu trả lời và gửi lại) | N29: không có bảng core; gọi trực tiếp, đồng bộ RECO-03 (user_id lấy từ JWT) | O29: Gọi trực tiếp thay vì outbox vì không còn bảng core để trigger ghi outbox và app cần biết ngay kết quả 409. Câu hỏi lọc (chay, không thịt heo...) không gửi reco và không lưu; app tự nhớ để điền sẵn excludeTagIds.
A30: PREF-03 | B30: Sở thích | C30: Set Up Preference Profile | D30: Traveler | E30: POST | F30: /api/v1/me/preference-survey/skip | G30: Bỏ qua khảo sát. | H30: TRAVELER | K30: (không có body) | L30: 201 Created completed*: bool skipped*: bool | M30: 409 SURVEY_ALREADY_SUBMITTED 503 SERVICE_UNAVAILABLE | N30: gọi RECO-03 với answers = [] | O30: Reco đặt survey_at, q = 0, vec = NULL nên Explicit = 0. Không làm lại được.
A31: RM-01 | B31: Roadmap | C31: Plan New Roadmap | D31: Traveler | E31: POST | F31: /api/v1/roadmaps | G31: Tạo roadmap mới. Hệ thống tạo sẵn num_days ngày rỗng. | H31: TRAVELER | K31: application/json title*: string(1..200) startDate?: date numDays*: smallint(1..30) budgetAmount?: decimal(≥0) originMode?: none | pinned | gps (mặc định none) originLatitude?: decimal (bắt buộc khi pinned) originLongitude?: decimal (bắt buộc khi pinned) originLabel?: string(≤200) | L31: 201 Created …RoadmapDetail (mọi trường của RoadmapDetail) | M31: 400 VALIDATION_FAILED | N31: roadmaps, roadmap_days, roadmaps.origin_mode, origin_latitude, origin_longitude, origin_label | O31: Roadmap lưu điểm xuất phát nhưng không lưu điểm đến, ràng buộc hay cách tạo. Muốn AI điền item thì app gọi tiếp RM-10 và gửi ràng buộc trong request đó. Điểm xuất phát có 3 lựa chọn: pinned = chấm trên bản đồ (người lên kế hoạch từ nơi khác, ví dụ chấm khách sạn), lưu tọa độ; gps = vị trí hiện tại (người đã tới nơi), không lưu, app gửi tọa độ mỗi lần gọi RM-10 / RM-14; none = chưa biết sẽ ở đâu, chỉ chọn tỉnh, AI gom món theo cụm địa lý từng ngày. Khác pinned thì originLatitude/Longitude/Label phải trống.
A32: RM-02 | B32: Roadmap | C32: View My Roadmap | D32: Traveler | E32: GET | F32: /api/v1/roadmaps | G32: Danh sách roadmap của tôi. | H32: TRAVELER | J32: page, pageSize | K32: (không có body) | L32: 200 OK Paged<RoadmapSummary> (items, page, pageSize, totalItems, totalPages) | N32: roadmaps, roadmap_days, roadmap_items | O32: Chỉ roadmap của chính user, chưa xóa.
A33: RM-03 | B33: Roadmap | C33: View My Roadmap Detail | D33: Traveler | E33: GET | F33: /api/v1/roadmaps/{roadmapId} | G33: Chi tiết roadmap gồm 3 phần Overview, Itinerary, Budget. | H33: TRAVELER | J33: roadmapId | K33: (không có body) | L33: 200 OK …RoadmapDetail (mọi trường của RoadmapDetail) | M33: 404 ROADMAP_NOT_FOUND (không tồn tại hoặc không phải của tôi) | N33: roadmaps, roadmap_days, roadmap_items, dishes, restaurants | O33: Budget tính từ giá hiện tại của món (dishes.price) vì item không còn lưu giá lúc thêm. Item trỏ tới món đã removed vẫn trả về với dish.status = removed để app hiện "món đã ngừng bán". Km và thời gian từng chặng không nằm trong response này: app gọi RM-14 cho từng ngày. Nút "Mở trên Google Maps" mỗi ngày do app tự tạo link từ tọa độ quán (dish.restaurant.latitude/longitude) theo thứ tự item, không qua backend.
A34: RM-04 | B34: Roadmap | C34: Plan New Roadmap | D34: Traveler | E34: PATCH | F34: /api/v1/roadmaps/{roadmapId} | G34: Sửa thông tin chung của roadmap. | H34: TRAVELER | J34: roadmapId | K34: application/json title?: string(1..200) startDate?: date | null numDays?: smallint(1..30) budgetAmount?: decimal(≥0) | null originMode?: none | pinned | gps originLatitude?: decimal | null originLongitude?: decimal | null originLabel?: string(≤200) | null | L34: 200 OK …RoadmapDetail (mọi trường của RoadmapDetail) | M34: 404 ROADMAP_NOT_FOUND 409 DAY_NOT_EMPTY (giảm numDays mà ngày bị cắt còn item) | N34: roadmaps, roadmap_days | O34: Đổi điểm xuất phát (ví dụ đã đặt khách sạn thì chuyển none sang pinned) không tự sinh lại item; muốn món gần điểm mới thì gọi lại RM-10 với replaceExisting = true. Quy tắc originMode như RM-01.
A35: RM-05 | B35: Roadmap | C35: Delete My Roadmap | D35: Traveler | E35: DELETE | F35: /api/v1/roadmaps/{roadmapId} | G35: Xóa (mềm) roadmap. | H35: TRAVELER | J35: roadmapId | K35: (không có body) | L35: 200 OK data: null | M35: 404 ROADMAP_NOT_FOUND | N35: roadmaps.deleted_at | O35: Blog đã share từ roadmap không bị ảnh hưởng nhờ roadmap_snapshot.
A36: RM-06 | B36: Roadmap | C36: Add Dish and Place | D36: Traveler | E36: GET | F36: /api/v1/roadmaps/{roadmapId}/suggestions | G36: Danh sách món + quán được gợi ý để thêm vào roadmap, lọc theo tỉnh, bữa và ràng buộc app gửi lên. | H36: TRAVELER | J36: roadmapId, province*: string (roadmap không lưu điểm đến nên app gửi mỗi lần), dayId?: long, mealSlot?: breakfast|lunch|dinner|snack|late_night, q?, tagIds?, excludeTagIds?, maxPrice?, lat?: decimal, lng?: decimal, radiusKm?: decimal(≤50), cursor?, limit?: 1..50 | K36: (không có body) | L36: 200 OK requestId*: uuid items*: DishCard[] nextCursor?: string | null | M36: 404 ROADMAP_NOT_FOUND | N36: dishes, restaurants, dish_tags; reco RECO-05 context=roadmap_manual | O36: Dùng cho cả Add Roadmap Item Manually và Edit Roadmap Item (chọn món thay thế). Loại các món đã có trong roadmap. Lọc bán kính: lat/lng gửi lên (GPS) nếu có, không thì điểm đã chấm của roadmap (originMode = pinned), không có thì chỉ lọc theo tỉnh. radiusKm mặc định 10. Ứng viên gửi reco sắp sẵn theo rating trung bình của quán giảm dần, rồi like_count của món giảm dần (reco sắp ổn định nên món bằng điểm giữ thứ tự này). Lọc xong còn quá 2000 món thì chỉ gửi 2000 món đầu theo thứ tự này (RECO-05 nhận tối đa 2000).
A37: RM-07 | B37: Roadmap | C37: Add Roadmap Item Manually | D37: Traveler | E37: POST | F37: /api/v1/roadmaps/{roadmapId}/days/{dayId}/items | G37: Thêm một món (kèm quán) vào một ngày của roadmap. | H37: TRAVELER | J37: roadmapId, dayId | K37: application/json dishId*: int mealSlot*: breakfast | lunch | dinner | snack | late_night sortOrder?: smallint recoRequestId?: uuid | L37: 201 Created …RoadmapItem (mọi trường của RoadmapItem) | M37: 404 ROADMAP_NOT_FOUND / DAY_NOT_FOUND 400 DISH_NOT_AVAILABLE (món không active, hết món, hoặc quán không hiển thị) | N37: roadmap_items (source=manual)
A38: RM-08 | B38: Roadmap | C38: Edit Roadmap Item | D38: Traveler | E38: PATCH | F38: /api/v1/roadmaps/{roadmapId}/items/{itemId} | G38: Đổi món (quán đổi theo), hoặc đổi ngày, bữa, thứ tự của item. | H38: TRAVELER | J38: roadmapId, itemId | K38: application/json dishId?: int recoRequestId?: uuid dayId?: long mealSlot?: breakfast | lunch | dinner | snack | late_night sortOrder?: smallint | L38: 200 OK …RoadmapItem (mọi trường của RoadmapItem) | M38: 404 ROADMAP_ITEM_NOT_FOUND 400 DISH_NOT_AVAILABLE | N38: roadmap_items | O38: Khi đổi dishId: backend xóa item cũ và tạo item mới (id mới) trong 1 transaction, để like/dislike của món cũ không dính sang món mới (dish_feedbacks.roadmap_item_id thành NULL). Response trả item mới.
A39: RM-09 | B39: Roadmap | C39: Delete Roadmap Item | D39: Traveler | E39: DELETE | F39: /api/v1/roadmaps/{roadmapId}/items/{itemId} | G39: Xóa một item khỏi roadmap. | H39: TRAVELER | J39: roadmapId, itemId | K39: (không có body) | L39: 200 OK data: null | M39: 404 ROADMAP_ITEM_NOT_FOUND | N39: roadmap_items | O39: Feedback của item vẫn được giữ, roadmap_item_id thành NULL.
A40: RM-10 | B40: Roadmap | C40: Add Roadmap Item with AI Generation | D40: Traveler | E40: POST | F40: /api/v1/roadmaps/{roadmapId}/generate | G40: Yêu cầu AI sinh item cho cả roadmap, một ngày, hoặc một bữa. Chạy nền. | H40: TRAVELER | J40: roadmapId | K40: application/json scope*: full | day | slot dayId?: long mealSlot?: breakfast | lunch | dinner | snack | late_night replaceExisting?: bool province*: string mealSlots?: enum[] maxPricePerMeal?: decimal tagIds?: smallint[] excludeTagIds?: smallint[] note?: string(≤500) currentLatitude?: decimal (vị trí GPS, dùng khi originMode = gps) currentLongitude?: decimal radiusKm?: decimal(1..50) (mặc định 10) | L40: 202 Accepted jobId*: long status*: enum | M40: 404 ROADMAP_NOT_FOUND 404 DAY_NOT_FOUND (dayId không thuộc roadmap) 409 GENERATION_IN_PROGRESS 400 VALIDATION_FAILED | N40: roadmap_generation_jobs (ràng buộc lưu trong input), reco RECO-05 context=roadmap_ai, roadmap_items (source=ai), roadmaps.origin_*; restaurants.latitude/longitude | O40: Job: (1) xác định điểm xuất phát: GPS gửi kèm nếu roadmap là gps, điểm đã chấm nếu pinned, none thì không có; (2) lọc ứng viên theo ràng buộc và tỉnh, có điểm xuất phát thì thêm bán kính radiusKm quanh điểm đó (không còn quán nào trong bán kính, ví dụ GPS đang ở tỉnh khác, thì bỏ lọc bán kính, coi như none); (3) reco xếp hạng; (4) gom cụm theo ngày: mỗi ngày lấy món điểm cao nhất chưa dùng làm mỏ neo, chỉ giữ ứng viên cách mỏ neo ≤ 3 km (thiếu món thì nới 5 km), để các quán trong một ngày gần nhau; (5) LLM sắp lịch từ cụm của từng ngày; (6) ghi item. Xong gửi notification ROADMAP_GENERATED. Các món trong itinerary được backend gửi impression. Ứng viên gửi reco sắp sẵn theo rating trung bình của quán giảm dần, rồi like_count của món giảm dần (reco sắp ổn định nên món bằng điểm giữ thứ tự này). Lọc xong còn quá 2000 món thì chỉ gửi 2000 món đầu theo thứ tự này (RECO-05 nhận tối đa 2000). Khi triển khai: job chạy nền trong backend (worker lấy job queued cũ nhất mỗi RoadmapGeneration:PollSeconds giây bằng FOR UPDATE SKIP LOCKED; job đang running khi host dừng được đưa lại hàng đợi lúc khởi động). Mỗi bữa 1 món. Không gửi mealSlots thì sinh breakfast, lunch, dinner; scope slot chỉ sinh bữa mealSlot. replaceExisting = false (mặc định) chỉ điền các bữa còn trống trong phạm vi và không gợi ý lại món đã có trong roadmap; true thì xóa item của các bữa trong phạm vi rồi sinh lại. scope day / slot mà dayId không thuộc roadmap trả 404 DAY_NOT_FOUND. tagIds là sở thích (ưu tiên khi sắp lịch), không lọc; excludeTagIds và maxPricePerMeal là bộ lọc. LLM là OpenAI Chat Completions (Ai:Model, mặc định gpt-5.6-luna) với structured output chỉ cho phép các bữa cần điền và món trong cụm. LLM lỗi, hết thời gian, chưa cấu hình key hoặc trả lịch không hợp lệ thì job tự sắp lịch (ưu tiên tag bữa ăn khớp, rồi tag ưa thích, rồi thứ hạng reco) và vẫn succeeded, model_name = fallback. Không có ứng viên thì job failed, errorMessage = "Không tìm thấy món phù hợp với các điều kiện đã chọn.". input lưu thêm origin, radiusKm thực dùng (null khi đã bỏ lọc bán kính, kèm radiusDropped = true) và candidateDishIds; raw_output lưu lịch từng ngày (plannedBy = model hoặc fallback) và createdItemIds cho RM-11. Notification ROADMAP_GENERATED: title "Roadmap đã được tạo xong", body "AI đã thêm {n} món vào roadmap "{title}".", data {roadmap_id, job_id}.
A41: RM-11 | B41: Roadmap | C41: Add Roadmap Item with AI Generation | D41: Traveler | E41: GET | F41: /api/v1/roadmaps/{roadmapId}/generation-jobs/{jobId} | G41: Theo dõi trạng thái job AI (app poll mỗi 2–3s hoặc chờ notification). | H41: TRAVELER | J41: roadmapId, jobId | K41: (không có body) | L41: 200 OK jobId*: long scope*: full | day | slot status*: queued | running | succeeded | failed errorMessage?: string | null createdItemIds*: long[] createdAt*: datetime finishedAt?: datetime | null | M41: 404 JOB_NOT_FOUND | N41: roadmap_generation_jobs | O41: Khi succeeded, app gọi lại RM-03 để xem itinerary.
A42: RM-12 | B42: Roadmap | C42: View Roadmap Item Detail | D42: Traveler | E42: GET | F42: /api/v1/roadmaps/{roadmapId}/items/{itemId} | G42: Chi tiết item: món, nhà hàng, địa điểm, giờ mở cửa, like/dislike của tôi. | H42: TRAVELER | J42: roadmapId, itemId | K42: (không có body) | L42: 200 OK …RoadmapItem (mọi trường của RoadmapItem) dish*: DishDetail restaurant*: RestaurantDetail canRate*: bool myReview?: Review|null | M42: 404 ROADMAP_ITEM_NOT_FOUND | N42: roadmap_items, dishes, restaurants, restaurant_business_hours, dish_feedbacks, restaurant_reviews
A43: RM-13 | B43: Roadmap | C43: Rate Dish | D43: Traveler | E43: POST | F43: /api/v1/roadmaps/{roadmapId}/items/{itemId}/feedback | G43: Like hoặc dislike món của một roadmap item (1 lần / item). | H43: TRAVELER | J43: roadmapId, itemId | K43: application/json value*: like | dislike | L43: 201 Created feedbackId*: long value*: like | dislike dishId*: int likeCount*: int dislikeCount*: int createdAt*: datetime | M43: 404 ROADMAP_ITEM_NOT_FOUND 409 FEEDBACK_ALREADY_EXISTS | N43: dish_feedbacks (event_uuid do server sinh, reco_request_id lấy từ item), dishes.like_count / dislike_count (cùng transaction); outbox FEEDBACK_CREATED → RECO-04 | O43: Chỉ có ở màn View Roadmap Item Detail. Không sửa/xóa được. dishes.like_count / dislike_count chỉ để hiển thị; Wilson vẫn dùng dish_stats bên reco. Chỉ chủ roadmap (roadmap chưa xóa) đánh giá được; item không thuộc roadmap của mình hoặc sai roadmapId trả 404 ROADMAP_ITEM_NOT_FOUND. Món đã bị ẩn / gỡ khỏi menu / quán đóng sau khi thêm vào roadmap vẫn đánh giá được (user thật sự đã thử món). Khóa dòng item trong transaction; unique index roadmap_item_id là chốt cuối cho 409. Bộ đếm dishes tăng bằng 1 câu UPDATE cộng dồn nên không mất lượt khi đánh giá đồng thời.
A44: RM-14 | B44: Roadmap | C44: View My Roadmap Detail | D44: Traveler | E44: GET | F44: /api/v1/roadmaps/{roadmapId}/days/{dayId}/route | G44: Km và thời gian di chuyển từng chặng của một ngày: điểm xuất phát → item 1 → item 2 → ... (backend gọi Mapbox Directions). | H44: TRAVELER | J44: roadmapId, dayId, originLat?: decimal, originLng?: decimal (vị trí GPS hiện tại, gửi cả hai hoặc không gửi), profile?: driving | walking | cycling (mặc định driving) | K44: (không có body) | L44: 200 OK dayId*: long profile*: enum origin?: object | null · latitude*: decimal · longitude*: decimal · label?: string | null · source*: pinned | gps originSkipped*: bool legs*: object[] · fromItemId?: long | null (null = từ điểm xuất phát) · toItemId*: long · distanceMeters*: int · durationSeconds*: int totalDistanceMeters*: int totalDurationSeconds*: int isEstimated*: bool | M44: 404 ROADMAP_NOT_FOUND / DAY_NOT_FOUND 400 VALIDATION_FAILED (chỉ gửi 1 trong originLat / originLng) | N44: roadmaps (origin_*), roadmap_items, dishes, restaurants (latitude, longitude); Mapbox Directions API (không lưu DB) | O44: Thứ tự điểm = thứ tự item trong ngày (bữa rồi sortOrder). Điểm xuất phát: originLat/originLng nếu có (GPS), không thì điểm đã chấm của roadmap (pinned), không có (none) thì không có chặng đầu, legs bắt đầu từ item 1. Chặng đầu cũng bị bỏ (originSkipped = true) khi điểm xuất phát cách item 1 quá 30 km theo đường chim bay, ví dụ đang ở Hà Nội mà mở roadmap Đà Nẵng. Gọi Mapbox 1 lần cho cả ngày (tối đa 25 điểm), cache trong bộ nhớ 24 giờ theo tọa độ + profile (điểm xuất phát làm tròn khoảng 100 m). Mapbox lỗi hoặc quá 3 giây: ước lượng đường chim bay × 1,3 với 25 km/h (driving), 12 km/h (cycling), 4 km/h (walking), isEstimated = true. Ngày dưới 2 điểm: legs rỗng.
A45: IMP-01 | B45: Gợi ý | C45: (dùng chung: Browse Dish, Home, Roadmap) | D45: Traveler | E45: POST | F45: /api/v1/impressions | G45: App báo các món đã thực sự hiển thị. Backend chuyển tiếp sang reco. | H45: TRAVELER | K45: application/json requestId*: uuid dishIds*: int[] (1..200) shownAt?: datetime | L45: 202 Accepted accepted*: bool | M45: 400 VALIDATION_FAILED | N45: không ghi core; gọi trực tiếp RECO-06 (user_id lấy từ JWT) | O45: Hiển thị = món hiện ≥50% trên màn hình trong ≥1s. App gom theo requestId, gửi mỗi vài giây hoặc khi rời màn. Reco lỗi thì backend vẫn trả 202 và ghi log.
A46: BLOG-01 | B46: Blog | C46: View Public Blog | D46: Guest, Traveler | E46: GET | F46: /api/v1/blogs | G46: Danh sách blog công khai. | H46: Public | J46: q?, authorId?, hasRoadmap?: bool, sort?: newest|popular, page, pageSize | K46: (không có body) | L46: 200 OK Paged<BlogCard> (items, page, pageSize, totalItems, totalPages) | N46: blogs, users | O46: Chỉ blog status=published, chưa xóa. popular = like_count + comment_count.
A47: BLOG-02 | B47: Blog | C47: View Detail Blog | D47: Guest, Traveler | E47: GET | F47: /api/v1/blogs/{blogId} | G47: Nội dung đầy đủ của blog, tác giả, roadmap đính kèm (snapshot). | H47: Public (token tùy chọn) | J47: blogId | K47: (không có body) | L47: 200 OK …BlogDetail (mọi trường của BlogDetail) | M47: 404 BLOG_NOT_FOUND | N47: blogs, blog_images, users; blogs.view_count | O47: Tăng view_count tối đa 1 lần / user (hoặc IP) / 30 phút. Có token: kèm likedByMe, isMine.
A48: BLOG-03 | B48: Blog | C48: View Detail Blog | D48: Guest, Traveler | E48: GET | F48: /api/v1/blogs/{blogId}/comments | G48: Bình luận của blog (1 cấp), cũ nhất trước. | H48: Public | J48: blogId, page, pageSize | K48: (không có body) | L48: 200 OK Paged<Comment> (items, page, pageSize, totalItems, totalPages) | M48: 404 BLOG_NOT_FOUND | N48: blog_comments | O48: Chỉ comment status=visible, chưa xóa.
A49: BLOG-04 | B49: Blog | C49: Write Blog; Share My Roadmap | D49: Traveler | E49: POST | F49: /api/v1/blogs | G49: Viết blog. Có roadmapId thì là Share My Roadmap: hệ thống chụp snapshot roadmap. | H49: TRAVELER | K49: application/json title*: string(1..255) content*: string coverMediaId?: long imageMediaIds?: long[] (≤20) roadmapId?: long | L49: 201 Created …BlogDetail (mọi trường của BlogDetail) | M49: 404 ROADMAP_NOT_FOUND (roadmap không phải của tôi) 400 VALIDATION_FAILED | N49: blogs (status=published, roadmap_snapshot), blog_images | O49: Đăng ngay, không duyệt trước. Snapshot gồm ngày, item, món, quán, giá món lúc chia sẻ.
A50: BLOG-05 | B50: Blog | C50: View My Blog | D50: Traveler | E50: GET | F50: /api/v1/me/blogs | G50: Danh sách blog do tôi viết, kể cả bị Mod ẩn. | H50: TRAVELER | J50: status?: published|hidden|removed, page, pageSize | K50: (không có body) | L50: 200 OK Paged<MyBlogCard> (items, page, pageSize, totalItems, totalPages) | N50: blogs
A51: BLOG-06 | B51: Blog | C51: Edit Blog | D51: Traveler | E51: PATCH | F51: /api/v1/blogs/{blogId} | G51: Sửa blog của tôi. | H51: TRAVELER | J51: blogId | K51: application/json title?: string(1..255) content?: string coverMediaId?: long | null imageMediaIds?: long[] (≤20) refreshRoadmapSnapshot?: bool | L51: 200 OK …BlogDetail (mọi trường của BlogDetail) | M51: 404 BLOG_NOT_FOUND 403 NOT_OWNER 409 BLOG_REMOVED (bị Mod gỡ thì không sửa được) | N51: blogs, blog_images | O51: refreshRoadmapSnapshot = true chụp lại roadmap hiện tại (nếu roadmap chưa bị xóa).
A52: BLOG-07 | B52: Blog | C52: Delete Blog | D52: Traveler | E52: DELETE | F52: /api/v1/blogs/{blogId} | G52: Xóa (mềm) blog của tôi. | H52: TRAVELER | J52: blogId | K52: (không có body) | L52: 200 OK data: null | M52: 404 BLOG_NOT_FOUND 403 NOT_OWNER | N52: blogs.deleted_at
A53: BLOG-08 | B53: Blog | C53: Interact With Blog | D53: Traveler | E53: PUT | F53: /api/v1/blogs/{blogId}/like | G53: Like blog (idempotent). | H53: TRAVELER | J53: blogId | K53: (không có body) | L53: 200 OK liked*: bool likeCount*: int | M53: 404 BLOG_NOT_FOUND | N53: blog_likes, blogs.like_count, notifications (tác giả) | O53: Gọi lặp không tăng thêm.
A54: BLOG-09 | B54: Blog | C54: Interact With Blog | D54: Traveler | E54: DELETE | F54: /api/v1/blogs/{blogId}/like | G54: Bỏ like blog (idempotent). | H54: TRAVELER | J54: blogId | K54: (không có body) | L54: 200 OK liked*: bool likeCount*: int | M54: 404 BLOG_NOT_FOUND | N54: blog_likes, blogs.like_count
A55: BLOG-10 | B55: Blog | C55: Comment Blog | D55: Traveler | E55: POST | F55: /api/v1/blogs/{blogId}/comments | G55: Bình luận blog (1 cấp, không reply). | H55: TRAVELER | J55: blogId | K55: application/json content*: string(1..1000) | L55: 201 Created …Comment (mọi trường của Comment) | M55: 404 BLOG_NOT_FOUND 400 VALIDATION_FAILED | N55: blog_comments, blogs.comment_count, notifications (tác giả) | O55: Lọc từ cấm trước khi lưu.
A56: BLOG-11 | B56: Blog | C56: Comment Blog | D56: Traveler | E56: DELETE | F56: /api/v1/blogs/{blogId}/comments/{commentId} | G56: Xóa (mềm) comment của tôi. | H56: TRAVELER | J56: blogId, commentId | K56: (không có body) | L56: 200 OK data: null | M56: 404 COMMENT_NOT_FOUND 403 NOT_OWNER | N56: blog_comments.deleted_at, blogs.comment_count
A57: REP-02 | B57: Báo cáo | C57: Report Blog | D57: Traveler | E57: POST | F57: /api/v1/blogs/{blogId}/reports | G57: Báo cáo blog vi phạm. | H57: TRAVELER | J57: blogId | K57: application/json reasonCode*: spam | offensive | wrong_info | scam | other description?: string(≤1000) evidenceMediaIds?: long[] (≤5) | L57: 201 Created reportId*: long status*: enum | M57: 404 BLOG_NOT_FOUND 409 REPORT_ALREADY_PENDING 400 CANNOT_REPORT_OWN_CONTENT | N57: reports(target_type=blog) | O57: Vào hàng đợi Handle Social Report. evidenceMediaIds theo quy tắc như REP-01: chỉ media do chính người báo cáo tải lên, sai thì 400 VALIDATION_FAILED.
A58: OWN-01 | B58: Owner – Nhà hàng | C58: Register Restaurant | D58: Restaurant Owner | E58: POST | F58: /api/v1/owner/restaurant | G58: Đăng ký nhà hàng (mỗi Owner đúng 1 quán). Quán ở trạng thái unverified, chưa hiển thị. | H58: RESTAURANT_OWNER | K58: application/json name*: string(1..200) description?: string(≤2000) phone*: string(≤20) email?: string(email) website?: string(url) addressLine*: string(≤255) ward?: string provinceName*: string latitude*: decimal(-90..90) longitude*: decimal(-180..180) priceLevel?: smallint(1..4) coverMediaId?: long imageMediaIds?: long[] (≤10) businessHours?: BusinessHour[] | L58: 201 Created …OwnerRestaurant (mọi trường của OwnerRestaurant) | M58: 409 OWNER_ALREADY_HAS_RESTAURANT 400 VALIDATION_FAILED | N58: restaurants (verification_status=unverified, operating_status=open, moderation_status=visible), restaurant_images, restaurant_business_hours | O58: Bước tiếp theo: OWN-06 nộp hồ sơ xác minh. Số di động hoặc số cố định Việt Nam: tiền tố 0 hoặc +84 (bỏ 0 sau +84); di động 10 chữ số dạng nội địa, cố định 11 chữ số dạng nội địa. Chỉ chữ số ASCII, có thể phân nhóm bằng một dấu cách, chấm hoặc gạch nối; cho phép khoảng trắng ASCII hai đầu. Tối đa 20 ký tự tính cả định dạng. Sai định dạng trả 400 VALIDATION_FAILED, errors.phone đúng một thông báo tiếng Việt. Kiểm tra định dạng, không xác minh thuê bao. Không hỗ trợ số ngắn, hotline 1800/1900, đầu số di động 01 cũ, tiền tố 0084 hoặc 84 thiếu dấu +. Địa chỉ 2 cấp theo địa giới sau sáp nhập (01/07/2025): provinceName + ward, không còn district. Client cũ còn gửi district thì backend bỏ qua.
A59: OWN-02 | B59: Owner – Nhà hàng | C59: Manage Restaurant Profile | D59: Restaurant Owner | E59: GET | F59: /api/v1/owner/restaurant | G59: Xem nhà hàng của tôi với đầy đủ 3 trạng thái, hồ sơ xác minh mới nhất và bản menu đang mở. | H59: RESTAURANT_OWNER | K59: (không có body) | L59: 200 OK …OwnerRestaurant (mọi trường của OwnerRestaurant) | M59: 404 RESTAURANT_NOT_FOUND (chưa đăng ký) | N59: restaurants, restaurant_verifications, menu_submissions
A60: OWN-03 | B60: Owner – Nhà hàng | C60: Manage Restaurant Profile | D60: Restaurant Owner | E60: PATCH | F60: /api/v1/owner/restaurant | G60: Cập nhật hồ sơ nhà hàng. | H60: RESTAURANT_OWNER | K60: application/json name?: string(1..200) description?: string(≤2000) | null phone?: string(≤20) email?: string(email) | null website?: string(url) | null addressLine?: string(≤255) ward?: string | null provinceName?: string latitude?: decimal(-90..90) longitude?: decimal(-180..180) priceLevel?: smallint(1..4) | null coverMediaId?: long | null imageMediaIds?: long[] (≤10) | L60: 200 OK …OwnerRestaurant (mọi trường của OwnerRestaurant) | M60: 404 RESTAURANT_NOT_FOUND 400 VALIDATION_FAILED | N60: restaurants, restaurant_images, audit_logs (RESTAURANT_UPDATED, lưu old/new) | O60: Đổi có hiệu lực ngay; mọi thay đổi ghi audit để Mod kiểm tra qua Moderate Restaurant. Số di động hoặc số cố định Việt Nam: tiền tố 0 hoặc +84 (bỏ 0 sau +84); di động 10 chữ số dạng nội địa, cố định 11 chữ số dạng nội địa. Chỉ chữ số ASCII, có thể phân nhóm bằng một dấu cách, chấm hoặc gạch nối; cho phép khoảng trắng ASCII hai đầu. Tối đa 20 ký tự tính cả định dạng. Sai định dạng trả 400 VALIDATION_FAILED, errors.phone đúng một thông báo tiếng Việt. Kiểm tra định dạng, không xác minh thuê bao. Không hỗ trợ số ngắn, hotline 1800/1900, đầu số di động 01 cũ, tiền tố 0084 hoặc 84 thiếu dấu +. Địa chỉ 2 cấp theo địa giới sau sáp nhập (01/07/2025): provinceName + ward, không còn district. Client cũ còn gửi district thì backend bỏ qua.
A61: OWN-04 | B61: Owner – Nhà hàng | C61: Update Business Hour | D61: Restaurant Owner | E61: PUT | F61: /api/v1/owner/restaurant/business-hours | G61: Thay toàn bộ lịch mở cửa trong tuần. | H61: RESTAURANT_OWNER | K61: application/json hours*: BusinessHour[] | L61: 200 OK hours*: BusinessHour[] isOpenNow*: bool | M61: 400 INVALID_BUSINESS_HOURS (khung giờ trùng nhau trong cùng ngày) | N61: restaurant_business_hours | O61: closeTime < openTime nghĩa là mở qua nửa đêm. Một ngày có thể có nhiều khung.
A62: OWN-05 | B62: Owner – Nhà hàng | C62: Update Status | D62: Restaurant Owner | E62: PUT | F62: /api/v1/owner/restaurant/operating-status | G62: Đổi trạng thái hoạt động. | H62: RESTAURANT_OWNER | K62: application/json operatingStatus*: open | temporarily_closed | permanently_closed note?: string(≤500) | L62: 200 OK operatingStatus*: enum | M62: 409 RESTAURANT_SUSPENDED (Mod đang đình chỉ, không mở lại được) | N62: restaurants.operating_status, audit_logs (RESTAURANT_OPERATING_STATUS_CHANGED) | O62: Không cần báo reco: backend loại món của quán không open khi lọc ứng viên.
A63: OWN-06 | B63: Owner – Xác minh | C63: Submit Verification | D63: Restaurant Owner | E63: POST | F63: /api/v1/owner/restaurant/verifications | G63: Nộp hồ sơ xác minh lần đầu. | H63: RESTAURANT_OWNER | K63: application/json legalName*: string(≤255) businessLicenseNo*: string(≤50) taxCode?: string(≤20) ownerNote?: string(≤1000) documents*: object[] (≥1) · docType*: business_license | food_safety_cert | id_card | storefront_photo | other · mediaId*: long | L63: 201 Created …Verification (mọi trường của Verification) | M63: 409 VERIFICATION_ALREADY_PENDING 409 RESTAURANT_ALREADY_VERIFIED 409 VERIFICATION_RESUBMIT_REQUIRED (quán đang rejected: nộp lại qua OWN-08) 400 VALIDATION_FAILED | N63: restaurant_verifications, restaurant_verification_documents, restaurants.verification_status = pending
A64: OWN-07 | B64: Owner – Xác minh | C64: View Verification Status | D64: Restaurant Owner | E64: GET | F64: /api/v1/owner/restaurant/verifications | G64: Lịch sử hồ sơ xác minh, mới nhất trước, kèm ghi chú của Mod. | H64: RESTAURANT_OWNER | K64: (không có body) | L64: 200 OK verificationStatus*: enum items*: Verification[] | N64: restaurant_verifications
A65: OWN-08 | B65: Owner – Xác minh | C65: Resubmit Verification | D65: Restaurant Owner | E65: POST | F65: /api/v1/owner/restaurant/verifications/{verificationId}/resubmit | G65: Nộp lại sau khi bị từ chối hoặc yêu cầu bổ sung. Tạo hồ sơ mới trỏ về hồ sơ cũ. | H65: RESTAURANT_OWNER | J65: verificationId (hồ sơ trước) | K65: application/json legalName*: string(≤255) businessLicenseNo*: string(≤50) taxCode?: string(≤20) ownerNote?: string(≤1000) documents*: object[] (≥1) · docType*: business_license | food_safety_cert | id_card | storefront_photo | other · mediaId*: long | L65: 201 Created …Verification (mọi trường của Verification) | M65: 409 VERIFICATION_NOT_RESUBMITTABLE (hồ sơ trước không ở rejected / needs_more_info, hoặc không phải hồ sơ mới nhất) | N65: restaurant_verifications(previous_id), restaurant_verification_documents
A66: OWN-09 | B66: Owner – Menu | C66: Manage Restaurant Menu | D66: Restaurant Owner | E66: GET | F66: /api/v1/owner/restaurant/menu | G66: Menu đang chạy (món đã duyệt) và bản menu đang mở (nếu có). | H66: RESTAURANT_OWNER | K66: (không có body) | L66: 200 OK dishes*: OwnerMenuDish[] openSubmission?: object | null · id*: long · status*: draft | pending | M66: 404 RESTAURANT_NOT_FOUND | N66: dishes, menu_submissions
A67: OWN-10 | B67: Owner – Menu | C67: Manage Restaurant Menu | D67: Restaurant Owner | E67: PUT | F67: /api/v1/owner/restaurant/menu/dishes/{dishId}/availability | G67: Bật/tắt "hết món" trực tiếp, không cần duyệt. | H67: RESTAURANT_OWNER | J67: dishId | K67: application/json isAvailable*: bool | L67: 200 OK dishId*: int isAvailable*: bool | M67: 404 DISH_NOT_FOUND (không thuộc quán của tôi) | N67: dishes.is_available | O67: Không sinh sự kiện outbox (không ảnh hưởng vector).
A68: OWN-11 | B68: Owner – Menu | C68: Manage Restaurant Menu | D68: Restaurant Owner | E68: POST | F68: /api/v1/owner/restaurant/menu-submissions | G68: Mở bản nháp menu mới: chép toàn bộ món đang bán vào bản nháp. | H68: RESTAURANT_OWNER | K68: (không có body) | L68: 201 Created …MenuSubmission (mọi trường của MenuSubmission) items*: MenuSubmissionItem[] | M68: 403 RESTAURANT_NOT_VERIFIED 409 SUBMISSION_ALREADY_OPEN (kèm id bản đang mở) | N68: menu_submissions, menu_submission_items; hàm start_menu_draft() | O68: Mỗi quán chỉ có 1 bản draft hoặc pending tại một thời điểm. Menu cũ vẫn chạy bình thường.
A69: OWN-12 | B69: Owner – Menu | C69: Manage Restaurant Menu | D69: Restaurant Owner | E69: GET | F69: /api/v1/owner/restaurant/menu-submissions | G69: Lịch sử các bản menu đã nộp. | H69: RESTAURANT_OWNER | J69: status?: draft|pending|approved|rejected|cancelled, page, pageSize | K69: (không có body) | L69: 200 OK Paged<MenuSubmission> (items, page, pageSize, totalItems, totalPages) | N69: menu_submissions
A70: OWN-13 | B70: Owner – Menu | C70: Manage Restaurant Menu | D70: Restaurant Owner | E70: GET | F70: /api/v1/owner/restaurant/menu-submissions/{submissionId} | G70: Chi tiết bản menu, kèm so sánh với menu đang chạy. | H70: RESTAURANT_OWNER | J70: submissionId | K70: (không có body) | L70: 200 OK …MenuSubmission (mọi trường của MenuSubmission) items*: MenuSubmissionItem[] removedDishes*: DishCard[] | M70: 404 SUBMISSION_NOT_FOUND | N70: menu_submissions, menu_submission_items, dishes | O70: MenuSubmissionItem.change = new | edited | unchanged; removedDishes = món đang bán sẽ bị gỡ.
A71: OWN-14 | B71: Owner – Menu | C71: Manage Restaurant Menu | D71: Restaurant Owner | E71: POST | F71: /api/v1/owner/restaurant/menu-submissions/{submissionId}/items | G71: Thêm món mới vào bản nháp. | H71: RESTAURANT_OWNER | J71: submissionId | K71: application/json name*: string(1..200) description*: string(30..2000) dishForm*: soup | dry | other price*: decimal(≥0) coverMediaId?: long tagIds?: smallint[] sortOrder?: smallint | L71: 201 Created …MenuSubmissionItem (mọi trường của MenuSubmissionItem) | M71: 404 SUBMISSION_NOT_FOUND 409 SUBMISSION_NOT_EDITABLE (không còn draft) 400 VALIDATION_FAILED | N71: menu_submission_items
A72: OWN-15 | B72: Owner – Menu | C72: Manage Restaurant Menu | D72: Restaurant Owner | E72: PATCH | F72: /api/v1/owner/restaurant/menu-submissions/{submissionId}/items/{itemId} | G72: Sửa một dòng trong bản nháp (món cũ hoặc món mới). | H72: RESTAURANT_OWNER | J72: submissionId, itemId | K72: application/json name?: string(1..200) description?: string(30..2000) dishForm?: soup | dry | other price?: decimal(≥0) coverMediaId?: long | null tagIds?: smallint[] sortOrder?: smallint | L72: 200 OK …MenuSubmissionItem (mọi trường của MenuSubmissionItem) | M72: 404 SUBMISSION_ITEM_NOT_FOUND 409 SUBMISSION_NOT_EDITABLE | N72: menu_submission_items | O72: Dòng có sourceDishId giữ nguyên dish_id khi được duyệt. Nếu đổi hẳn sang món khác, app nên khuyên xóa dòng và thêm món mới.
A73: OWN-16 | B73: Owner – Menu | C73: Manage Restaurant Menu | D73: Restaurant Owner | E73: DELETE | F73: /api/v1/owner/restaurant/menu-submissions/{submissionId}/items/{itemId} | G73: Bỏ một dòng khỏi bản nháp (món cũ sẽ bị gỡ khi duyệt). | H73: RESTAURANT_OWNER | J73: submissionId, itemId | K73: (không có body) | L73: 200 OK data: null | M73: 404 SUBMISSION_ITEM_NOT_FOUND 409 SUBMISSION_NOT_EDITABLE | N73: menu_submission_items
A74: OWN-17 | B74: Owner – Menu | C74: Submit Menu for Approval | D74: Restaurant Owner | E74: POST | F74: /api/v1/owner/restaurant/menu-submissions/{submissionId}/submit | G74: Nộp bản nháp để Mod duyệt. | H74: RESTAURANT_OWNER | J74: submissionId | K74: application/json ownerNote?: string(≤1000) | L74: 200 OK …MenuSubmission (mọi trường của MenuSubmission) | M74: 404 SUBMISSION_NOT_FOUND 409 SUBMISSION_NOT_EDITABLE 400 MENU_EMPTY 400 MENU_UNCHANGED (không có thay đổi nào so với menu đang chạy) | N74: menu_submissions; hàm submit_menu() | O74: Menu cũ vẫn chạy tới khi được duyệt.
A75: OWN-18 | B75: Owner – Menu | C75: Manage Restaurant Menu | D75: Restaurant Owner | E75: POST | F75: /api/v1/owner/restaurant/menu-submissions/{submissionId}/cancel | G75: Hủy bản nháp hoặc rút lại bản đang chờ duyệt. | H75: RESTAURANT_OWNER | J75: submissionId | K75: (không có body) | L75: 200 OK …MenuSubmission (mọi trường của MenuSubmission) | M75: 409 SUBMISSION_NOT_CANCELLABLE (đã approved / rejected) | N75: menu_submissions
A76: OWN-19 | B76: Owner – Feedback | C76: Reply Feedback | D76: Restaurant Owner | E76: GET | F76: /api/v1/owner/restaurant/reviews | G76: Danh sách review của quán tôi để trả lời. | H76: RESTAURANT_OWNER | J76: replied?: bool, rating?: 1..5, page, pageSize | K76: (không có body) | L76: 200 OK Paged<Review> (items, page, pageSize, totalItems, totalPages) | N76: restaurant_reviews, review_replies | O76: Owner thấy cả review bị Mod ẩn (kèm status) nhưng không trả lời được review đó.
A77: OWN-20 | B77: Owner – Feedback | C77: Reply Feedback | D77: Restaurant Owner | E77: PUT | F77: /api/v1/owner/restaurant/reviews/{reviewId}/reply | G77: Tạo hoặc sửa phản hồi cho một review (mỗi review 1 phản hồi). | H77: RESTAURANT_OWNER | J77: reviewId | K77: application/json content*: string(1..1000) | L77: 200 OK …ReviewReply (mọi trường của ReviewReply) | M77: 404 REVIEW_NOT_FOUND (không thuộc quán tôi) 409 REVIEW_NOT_VISIBLE | N77: review_replies, notifications (người review)
A78: MOD-U1 | B78: Mod – Người dùng | C78: Moderate User | D78: Mod | E78: GET | F78: /api/v1/mod/users | G78: Tìm và lọc tài khoản Traveler / Owner. | H78: MOD, ADMIN | I78: USER_SUSPEND hoặc USER_BAN hoặc USER_VIEW_AUDIT | J78: q? (email, tên), role?: TRAVELER|RESTAURANT_OWNER, status?: pending_verification|active|suspended|banned|deactivated, hasPendingReports?: bool, page, pageSize | K78: (không có body) | L78: 200 OK Paged<AdminUserCard> (items, page, pageSize, totalItems, totalPages) | N78: users, roles, user_sanctions, reports | O78: Không trả tài khoản MOD/ADMIN.
A79: MOD-U2 | B79: Mod – Người dùng | C79: Moderate User | D79: Mod | E79: GET | F79: /api/v1/mod/users/{userId} | G79: Chi tiết tài khoản: hồ sơ, lịch sử xử phạt, số báo cáo liên quan, nhà hàng (nếu là Owner). | H79: MOD, ADMIN | I79: USER_SUSPEND hoặc USER_BAN hoặc USER_VIEW_AUDIT | J79: userId | K79: (không có body) | L79: 200 OK …AdminUserCard (mọi trường của AdminUserCard) sanctions*: Sanction[] blogCount*: int reviewCount*: int reportsAgainstContent*: int restaurant?: RestaurantCard|null | M79: 404 USER_NOT_FOUND | N79: users, user_sanctions, blogs, restaurant_reviews, reports, restaurants
A80: MOD-U3 | B80: Mod – Người dùng | C80: Suspend/Ban User | D80: Mod | E80: POST | F80: /api/v1/mod/users/{userId}/sanctions | G80: Cảnh cáo, tạm khóa hoặc cấm tài khoản. | H80: MOD, ADMIN | I80: warn/suspend: USER_SUSPEND; ban: USER_BAN | J80: userId | K80: application/json type*: warn | suspend | ban reason*: string(1..1000) endsAt?: datetime reportId?: long | L80: 201 Created …Sanction (mọi trường của Sanction) | M80: 404 USER_NOT_FOUND 403 CANNOT_SANCTION_STAFF (đối tượng là MOD/ADMIN) 409 USER_ALREADY_BANNED 400 VALIDATION_FAILED | N80: user_sanctions, users.status / suspended_until, user_sessions (thu hồi hết), notifications, audit_logs (USER_WARNED / USER_SUSPENDED / USER_BANNED) | O80: Hết hạn suspend: job nền đưa status về active.
A81: MOD-U4 | B81: Mod – Người dùng | C81: Unban User | D81: Mod | E81: POST | F81: /api/v1/mod/users/{userId}/unban | G81: Gỡ khóa/cấm đang hiệu lực. | H81: MOD, ADMIN | I81: USER_BAN | J81: userId | K81: application/json liftReason*: string(1..1000) | L81: 200 OK …AdminUserCard (mọi trường của AdminUserCard) | M81: 404 USER_NOT_FOUND 409 USER_NOT_SANCTIONED | N81: user_sanctions.lifted_by / lifted_at, users.status = active, notifications, audit_logs (USER_UNBANNED)
A82: MOD-U5 | B82: Mod – Người dùng | C82: View User Audit Logs | D82: Mod | E82: GET | F82: /api/v1/mod/users/{userId}/audit-logs | G82: Lịch sử hành động liên quan tới một user (user là người làm hoặc người bị tác động). | H82: MOD, ADMIN | I82: USER_VIEW_AUDIT | J82: userId, action?, from?, to?, page, pageSize | K82: (không có body) | L82: 200 OK Paged<AuditLog> (items, page, pageSize, totalItems, totalPages) | M82: 404 USER_NOT_FOUND | N82: audit_logs (actor_id = userId OR subject_user_id = userId) | O82: Chỉ đọc.
A83: MOD-R1 | B83: Mod – Nhà hàng | C83: Moderate Restaurant | D83: Mod | E83: GET | F83: /api/v1/mod/restaurants | G83: Danh sách nhà hàng (kể cả chưa xác minh, bị ẩn). | H83: MOD, ADMIN | I83: RESTAURANT_MODERATE hoặc RESTAURANT_VERIFY | J83: q?, province?: string, verificationStatus?, operatingStatus?, moderationStatus?, hasPendingReports?, page, pageSize | K83: (không có body) | L83: 200 OK Paged<ModRestaurantCard> (items, page, pageSize, totalItems, totalPages) | N83: restaurants, reports
A84: MOD-R2 | B84: Mod – Nhà hàng | C84: Moderate Restaurant | D84: Mod | E84: GET | F84: /api/v1/mod/restaurants/{restaurantId} | G84: Chi tiết nhà hàng cho Mod: hồ sơ, owner, menu, báo cáo, lịch sử thay đổi. | H84: MOD, ADMIN | I84: RESTAURANT_MODERATE hoặc RESTAURANT_VERIFY | J84: restaurantId | K84: (không có body) | L84: 200 OK …OwnerRestaurant (mọi trường của OwnerRestaurant) owner*: AdminUserCard dishes*: OwnerMenuDish[] reports*: Report[] recentAudit*: AuditLog[] | M84: 404 RESTAURANT_NOT_FOUND | N84: restaurants, users, dishes, reports, audit_logs
A85: MOD-R3 | B85: Mod – Nhà hàng | C85: Moderate Restaurant | D85: Mod | E85: PUT | F85: /api/v1/mod/restaurants/{restaurantId}/moderation-status | G85: Ẩn, đình chỉ hoặc hiển thị lại nhà hàng. | H85: MOD, ADMIN | I85: RESTAURANT_MODERATE | J85: restaurantId | K85: application/json moderationStatus*: visible | hidden | suspended reason*: string(1..1000) reportId?: long | L85: 200 OK restaurantId*: long moderationStatus*: enum | M85: 404 RESTAURANT_NOT_FOUND | N85: restaurants.moderation_status, notifications (Owner), audit_logs (RESTAURANT_SHOWN / RESTAURANT_HIDDEN / RESTAURANT_SUSPENDED) | O85: Không cần báo reco (backend tự loại khi lọc ứng viên).
A86: MOD-R4 | B86: Mod – Nhà hàng | C86: Moderate Restaurant | D86: Mod | E86: PUT | F86: /api/v1/mod/dishes/{dishId}/moderation-status | G86: Ẩn hoặc hiện lại một món vi phạm. | H86: MOD, ADMIN | I86: RESTAURANT_MODERATE | J86: dishId | K86: application/json status*: active | hidden reason*: string(1..1000) | L86: 200 OK dishId*: int status*: enum | M86: 404 DISH_NOT_FOUND 409 DISH_REMOVED (món đã bị gỡ qua duyệt menu) | N86: dishes.status; outbox DISH_DEACTIVATED (ẩn) / DISH_UPSERTED (hiện lại) → RECO-02 / RECO-01
A87: MOD-V1 | B87: Mod – Xác minh | C87: Review Verification Submission | D87: Mod | E87: GET | F87: /api/v1/mod/verifications | G87: Hàng đợi hồ sơ xác minh. | H87: MOD | I87: RESTAURANT_VERIFY | J87: status?: pending (mặc định)|approved|rejected|needs_more_info, province?: string, page, pageSize | K87: (không có body) | L87: 200 OK Paged<ModVerificationCard> (items, page, pageSize, totalItems, totalPages) | N87: restaurant_verifications, restaurants | O87: Cũ nhất trước.
A88: MOD-V2 | B88: Mod – Xác minh | C88: Review Verification Submission | D88: Mod | E88: GET | F88: /api/v1/mod/verifications/{verificationId} | G88: Chi tiết hồ sơ: giấy tờ, thông tin quán, hồ sơ trước đó (nếu là nộp lại). | H88: MOD | I88: RESTAURANT_VERIFY | J88: verificationId | K88: (không có body) | L88: 200 OK …Verification (mọi trường của Verification) restaurant*: OwnerRestaurant previous?: Verification|null | M88: 404 VERIFICATION_NOT_FOUND | N88: restaurant_verifications, restaurant_verification_documents, media_files | O88: URL giấy tờ là signed URL ngắn hạn.
A89: MOD-V3 | B89: Mod – Xác minh | C89: Review Verification Submission | D89: Mod | E89: POST | F89: /api/v1/mod/verifications/{verificationId}/decision | G89: Duyệt, từ chối hoặc yêu cầu bổ sung. | H89: MOD | I89: RESTAURANT_VERIFY | J89: verificationId | K89: application/json decision*: approve | reject | needs_more_info reviewNote?: string(≤1000) | L89: 200 OK …Verification (mọi trường của Verification) | M89: 404 VERIFICATION_NOT_FOUND 409 VERIFICATION_ALREADY_REVIEWED | N89: restaurant_verifications, restaurants.verification_status (verified | rejected), notifications (Owner), audit_logs (RESTAURANT_VERIFIED / RESTAURANT_VERIFICATION_REJECTED) | O89: approve: quán hiển thị được và Owner mở được bản menu đầu tiên.
A90: MOD-M1 | B90: Mod – Menu | C90: Review Menu Pending Submission | D90: Mod | E90: GET | F90: /api/v1/mod/menu-submissions | G90: Hàng đợi bản menu chờ duyệt. | H90: MOD, ADMIN | I90: MENU_APPROVE | J90: status?: pending (mặc định)|approved|rejected, restaurantId?, page, pageSize | K90: (không có body) | L90: 200 OK Paged<ModMenuSubmissionCard> (items, page, pageSize, totalItems, totalPages) | N90: menu_submissions, menu_submission_items
A91: MOD-M2 | B91: Mod – Menu | C91: Review Menu Pending Submission | D91: Mod | E91: GET | F91: /api/v1/mod/menu-submissions/{submissionId} | G91: Chi tiết bản menu và so sánh với menu đang chạy (mới / sửa / gỡ, giá trị cũ và mới). | H91: MOD, ADMIN | I91: MENU_APPROVE | J91: submissionId | K91: (không có body) | L91: 200 OK …MenuSubmission (mọi trường của MenuSubmission) restaurant*: RestaurantMini items*: ModMenuItemDiff[] removedDishes*: DishCard[] | M91: 404 SUBMISSION_NOT_FOUND | N91: menu_submissions, menu_submission_items, dishes
A92: MOD-M3 | B92: Mod – Menu | C92: Review Menu Pending Submission | D92: Mod | E92: POST | F92: /api/v1/mod/menu-submissions/{submissionId}/approve | G92: Duyệt: menu mới đè menu cũ trong 1 transaction, giữ dish_id cho món sửa. | H92: MOD, ADMIN | I92: MENU_APPROVE | J92: submissionId | K92: application/json reviewNote?: string(≤1000) | L92: 200 OK …MenuSubmission (mọi trường của MenuSubmission) createdDishIds*: int[] updatedDishIds*: int[] removedDishIds*: int[] | M92: 404 SUBMISSION_NOT_FOUND 409 SUBMISSION_NOT_PENDING | N92: hàm approve_menu_submission(); dishes, dish_tags; outbox DISH_UPSERTED / DISH_DEACTIVATED (trigger) → RECO-01 / RECO-02; notifications, audit_logs (MENU_APPROVED)
A93: MOD-M4 | B93: Mod – Menu | C93: Review Menu Pending Submission | D93: Mod | E93: POST | F93: /api/v1/mod/menu-submissions/{submissionId}/reject | G93: Từ chối bản menu; menu cũ giữ nguyên. | H93: MOD, ADMIN | I93: MENU_APPROVE | J93: submissionId | K93: application/json reviewNote*: string(1..1000) | L93: 200 OK …MenuSubmission (mọi trường của MenuSubmission) | M93: 404 SUBMISSION_NOT_FOUND 409 SUBMISSION_NOT_PENDING | N93: hàm reject_menu_submission(); notifications, audit_logs (MENU_REJECTED)
A94: MOD-RP1 | B94: Mod – Báo cáo | C94: Handle Restaurant Report; Handle Social Report | D94: Mod | E94: GET | F94: /api/v1/mod/reports | G94: Hàng đợi báo cáo, lọc theo loại đối tượng. | H94: MOD, ADMIN | I94: targetType=restaurant: REPORT_RESTAURANT_HANDLE; blog: REPORT_SOCIAL_HANDLE | J94: targetType*: restaurant | blog, status?: pending|in_review|resolved|dismissed, reasonCode?, targetId?, page, pageSize | K94: (không có body) | L94: 200 OK Paged<Report> (items, page, pageSize, totalItems, totalPages) | M94: 403 FORBIDDEN (thiếu quyền với targetType) | N94: reports | O94: Gom theo đối tượng: kèm reportCountOnTarget.
A95: MOD-RP2 | B95: Mod – Báo cáo | C95: Handle Restaurant Report; Handle Social Report | D95: Mod | E95: GET | F95: /api/v1/mod/reports/{reportId} | G95: Chi tiết báo cáo: nội dung, bằng chứng, người báo cáo, đối tượng bị báo cáo, các báo cáo khác cùng đối tượng. | H95: MOD, ADMIN | I95: theo targetType như MOD-RP1 | J95: reportId | K95: (không có body) | L95: 200 OK …Report (mọi trường của Report) target*: RestaurantCard | BlogDetail relatedReports*: Report[] | M95: 404 REPORT_NOT_FOUND | N95: reports, restaurants / blogs, users
A96: MOD-RP3 | B96: Mod – Báo cáo | C96: Handle Restaurant Report; Handle Social Report | D96: Mod | E96: POST | F96: /api/v1/mod/reports/{reportId}/claim | G96: Nhận xử lý báo cáo (chuyển in_review) để Mod khác không xử lý trùng. | H96: MOD, ADMIN | I96: theo targetType | J96: reportId | K96: (không có body) | L96: 200 OK …Report (mọi trường của Report) | M96: 409 REPORT_ALREADY_CLAIMED 409 REPORT_CLOSED | N96: reports.status / handled_by
A97: MOD-RP4 | B97: Mod – Báo cáo | C97: Handle Restaurant Report; Handle Social Report | D97: Mod | E97: POST | F97: /api/v1/mod/reports/{reportId}/resolve | G97: Kết luận báo cáo và áp dụng hành động trong cùng transaction. | H97: MOD, ADMIN | I97: theo targetType; thêm USER_SUSPEND / USER_BAN nếu xử phạt user | J97: reportId | K97: application/json outcome*: resolved | dismissed resolutionAction*: none | hide_blog | remove_blog | warn_user | suspend_user | ban_user | hide_restaurant | suspend_restaurant resolutionNote?: string(≤1000) suspendUntil?: datetime applyToRelatedReports?: bool | L97: 200 OK …Report (mọi trường của Report) | M97: 409 REPORT_CLOSED 400 ACTION_NOT_ALLOWED_FOR_TARGET (vd hide_blog cho báo cáo nhà hàng) | N97: reports, blogs.status / restaurants.moderation_status / user_sanctions(report_id), notifications (người báo cáo + chủ nội dung), audit_logs (REPORT_RESOLVED + action của hành động kèm theo) | O97: warn/suspend/ban_user áp dụng cho tác giả blog hoặc Owner của quán.
A98: MOD-B1 | B98: Mod – Nội dung | C98: Moderate User Blog | D98: Mod | E98: GET | F98: /api/v1/mod/blogs | G98: Danh sách blog để kiểm duyệt. | H98: MOD, ADMIN | I98: BLOG_MODERATE | J98: q?, status?: published|hidden|removed, authorId?, reported?: bool, page, pageSize | K98: (không có body) | L98: 200 OK Paged<ModBlogCard> (items, page, pageSize, totalItems, totalPages) | N98: blogs, reports
A99: MOD-B2 | B99: Mod – Nội dung | C99: Moderate User Blog | D99: Mod | E99: PUT | F99: /api/v1/mod/blogs/{blogId}/status | G99: Ẩn, gỡ, hoặc hiện lại blog. | H99: MOD, ADMIN | I99: BLOG_MODERATE | J99: blogId | K99: application/json status*: published | hidden | removed reason*: string(1..1000) | L99: 200 OK blogId*: long status*: enum | M99: 404 BLOG_NOT_FOUND | N99: blogs.status, notifications (tác giả), audit_logs (BLOG_RESTORED / BLOG_HIDDEN / BLOG_REMOVED)
A100: MOD-B3 | B100: Mod – Nội dung | C100: Moderate User Blog | D100: Mod | E100: PUT | F100: /api/v1/mod/blog-comments/{commentId}/status | G100: Ẩn, gỡ hoặc hiện lại comment (comment không report được, Mod xử lý trực tiếp). | H100: MOD, ADMIN | I100: BLOG_MODERATE | J100: commentId | K100: application/json status*: visible | hidden | removed reason*: string(1..1000) | L100: 200 OK commentId*: long status*: enum | M100: 404 COMMENT_NOT_FOUND | N100: blog_comments.status, blogs.comment_count, audit_logs (COMMENT_RESTORED / COMMENT_HIDDEN / COMMENT_REMOVED)
...

Sheet Reco API (nội bộ)
A1: ID | B1: Nhóm | C1: Method | D1: Endpoint | E1: Bên gọi | F1: Kích hoạt bởi | G1: Mô tả | H1: Request | I1: Response thành công | J1: Lỗi và cách bên gọi xử lý | K1: Idempotent | L1: Bảng schema recommendation | M1: Ghi chú
A2: RECO-01 | B2: Món ăn | C2: POST | D2: /dishes/upsert | E2: Outbox worker (.NET) | F2: DISH_UPSERTED (món mới, đổi tên/mô tả/loại, hiện lại món) | G2: Tạo hoặc cập nhật món. Nếu nội dung (name + description) đổi thì đặt vector pending và sinh lại vector nền bằng AI; giữ nguyên Implicit, Wilson, lịch sử. | H2: application/json dish_id*: int (>0) name*: string(1..200) description?: string dish_form?: soup | dry | other occurred_at*: datetime restaurant_id?: long | I2: 200 OK dish_id*: int result*: created | content_changed | unchanged | stale | J2: 422 VALIDATION_FAILED → worker chuyển dead 5xx / timeout → worker thử lại có backoff | K2: Có: cùng source_hash thì không gọi AI lại; occurred_at cũ hơn last_event_at thì trả stale | L2: dish_vectors | M2: Header Idempotency-Key = event_uuid. Món sinh vector lỗi (failed/pending) được thử lại bằng vòng lặp nền bên trong reco: khởi động cùng FastAPI, cứ 5 phút gọi regenerate_pending(); không có endpoint riêng. Cần thêm code.
A3: RECO-02 | B3: Món ăn | C3: DELETE | D3: /dishes/{dish_id} | E3: Outbox worker (.NET) | F3: DISH_DEACTIVATED (món bị gỡ khi duyệt menu, Mod ẩn món) | G3: Đánh dấu món không hoạt động (is_active = false), loại khỏi tập ứng viên. | H3: path: dish_id; query: occurred_at?: datetime | I3: 200 OK dish_id*: int result*: deactivated | stale | not_found | J3: 5xx → thử lại | K3: Có | L3: dish_vectors.is_active | M3: not_found vẫn là 200 để worker coi là xong. Cần thêm code.
A4: RECO-03 | B4: Người dùng | C4: POST | D4: /users/{user_id}/survey | E4: Backend (gọi trực tiếp, đồng bộ) | F4: PREF-02 (nộp khảo sát), PREF-03 (bỏ qua: answers rỗng) | G4: Quy câu trả lời khảo sát thành vector 12 chiều (qua survey_option_vectors; mỗi chiều là trung bình có trọng số scale_value theo dim_mask, công thức ở Recommendation_System_Design_Ver1.1 mục 3.2), lưu initial_vec, vec, survey_payload, survey_at; khởi tạo m = q. Đây là nơi duy nhất lưu câu trả lời khảo sát. | H4: application/json answers*: object[] (0..50) · option_code*: string · scale_value?: float(0..1) occurred_at?: datetime | I4: 201 Created user_id*: int survey_answer_count*: int has_vector*: bool survey_at*: datetime | J4: 409 SURVEY_ALREADY_SUBMITTED → backend trả 409 SURVEY_ALREADY_SUBMITTED cho app 422 UNKNOWN_OPTION_CODE → backend trả 400 UNKNOWN_OPTION_CODE 5xx / timeout → backend trả 503, app gửi lại 4xx khác (vd 401 UNAUTHORIZED, 422 VALIDATION_FAILED) → backend trả 500 INTERNAL_ERROR | K4: Có (409 khi gửi lại) | L4: user_preference_vectors, survey_option_vectors | M4: answers rỗng → q = 0, vec = NULL (Explicit = 0) nhưng survey_at vẫn được đặt để chặn làm lại. Mã option phải khớp với bộ câu hỏi frontend hardcode. Cần thêm code.
A5: RECO-04 | B5: Phản hồi | C5: POST | D5: /feedback | E5: Outbox worker (.NET) | F5: FEEDBACK_CREATED (like/dislike ở roadmap item) | G5: Ghi interaction_events và trong 1 transaction (khóa dòng user): cập nhật Implicit S, n, vector user, m, dish_stats theo quy tắc 1 phiếu / user / món. | H5: application/json event_uuid*: uuid user_id*: int dish_id*: int event_type*: like | dislike request_id?: uuid occurred_at*: datetime | I5: 200 OK event_uuid*: uuid result*: applied | duplicate | J5: 503 DISH_VECTOR_NOT_READY (kèm Retry-After) → worker thử lại 404 DISH_NOT_FOUND (món chưa từng upsert) → dead 422 VALIDATION_FAILED → dead | K5: Có: event_uuid UNIQUE | L5: interaction_events, user_dish_scores, user_preference_vectors, dish_stats | M5: Implicit: implicit_raw r += β_s·w, implicit_score = 0,5 + 0,5·r/(1+|r|) (không nén chồng). User vector: User + β_u·w·(Dish − User); chưa có vector thì coi User = 0: like tạo vec = β_u·Dish, dislike tạo vec = −β_u·Dish. Cần thêm code.
A6: RECO-05 | B6: Gợi ý | C6: POST | D6: /recommendations | E6: Backend (gọi trực tiếp, đồng bộ) | F6: DISH-01, HOME-01, DISH-03, RM-06, RM-10 | G6: Xếp hạng tập ứng viên backend đã lọc: Explicit (cosine MinMax), Implicit, α, Wilson, Δ, Final, UCB exploration với ln(N_total + 1) (γ = 0 cho tới giai đoạn 3), Recommend_Score. Ghi recommendation_logs / items. KHÔNG tăng N_i, N_total (đã chuyển sang /impressions). | H6: application/json user_id?: int candidate_dish_ids*: int[] (1..2000) top_k?: int(1..200) context*: list | home | roll | roadmap_manual | roadmap_ai | I6: 200 OK request_id?: uuid | null config_version*: int items*: RecoItem[] ignored_dish_ids*: int[] | J6: 422 VALIDATION_FAILED → backend trả 500 cho app 5xx / timeout (> 800ms) → backend trả danh sách sắp theo rating của quán, requestId = null 4xx khác (vd 401 UNAUTHORIZED) → backend trả 500 cho app | K6: Không (mỗi lần tạo request_id mới) | L6: recommendation_logs, recommendation_items, dish_vectors, user_preference_vectors, user_dish_scores, dish_stats, algorithm_configs | M6: Guest: không cá nhân hóa (Explicit = 0, Δ = 0), không ghi log, request_id = null. Món chưa có vector: Explicit = 0, vẫn xếp hạng. Món chưa từng upsert hoặc inactive: vào ignored_dish_ids. Cần thêm code. Sắp ổn định theo recommend_score: món bằng điểm giữ thứ tự candidate_dish_ids (backend đã sắp theo rating quán rồi like_count). Lúc mới chạy mọi món có Wilson = 0 nên thứ tự này quyết định danh sách của Guest và người chưa khảo sát. Quá 2000 ứng viên thì reco từ chối request; backend luôn cắt còn 2000 trước khi gọi. Fallback: backend trả lại candidate_dish_ids theo đúng thứ tự đã gửi, cắt còn top_k (mặc định 50), ignored_dish_ids rỗng.
A7: RECO-06 | B7: Gợi ý | C7: POST | D7: /impressions | E7: Backend (chuyển tiếp từ IMP-01, hoặc tự gửi cho roll / AI roadmap) | F7: IMP-01, DISH-03, RM-10 | G7: Đánh dấu món đã hiển thị: đặt recommendation_items.shown_at, tăng N_i và N_total, mỗi món mỗi request chỉ tính 1 lần. | H7: application/json user_id*: int request_id*: uuid dish_ids*: int[] (1..200) shown_at?: datetime | I7: 200 OK request_id*: uuid counted*: int[] ignored*: int[] | J7: 404 REQUEST_NOT_FOUND: request_id không tồn tại 403 FORBIDDEN: request_id thuộc user khác 422 VALIDATION_FAILED Backend chỉ ghi log, không báo lỗi cho app | K7: Có: điều kiện shown_at IS NULL trong câu UPDATE | L7: recommendation_items.shown_at, user_dish_scores.shown_count, user_preference_vectors.total_shown | M7: Cần thêm code.
A8: RECO-07 | B8: Vận hành | C8: GET | D8: /health | E8: Docker / load balancer, Admin | F8: định kỳ | G8: Kiểm tra service và kết nối DB. | H8: (không có body) | I8: 200 OK status*: string db*: string active_config_version*: int | null | J8: 503 khi DB không kết nối được (db = error) hoặc không có cấu hình đang dùng; body giống 200 với active_config_version = null | K8: Có | L8: algorithm_configs | M8: Không cần API key. Đã code (ANGI-28).
A9: RECO-09 | B9: Người dùng | C9: GET | D9: /users/{user_id}/survey | E9: Backend (gọi trực tiếp) | F9: AUTH-04, AUTH-05, ME-01 | G9: Trạng thái khảo sát của user (core không còn lưu). | H9: path: user_id | I9: 200 OK user_id*: int completed*: bool survey_at?: datetime | null survey_answer_count*: int | J9: 5xx / timeout → backend trả needsPreferenceSurvey = null (đăng nhập vẫn thành công) | K9: Có | L9: user_preference_vectors | M9: Chưa có dòng hoặc survey_at = NULL → completed = false. Cần thêm code.

Sheet UC ↔ API
A1: Actor | B1: Use case | C1: Endpoint ID | D1: Endpoint | E1: Số endpoint
A2: Guest | B2: Register Account | C2: AUTH-01 | D2: POST /api/v1/auth/register | E2: 1
A3: Guest | B3: Verify Email | C3: AUTH-02, AUTH-03 | D3: POST /api/v1/auth/verify-email POST /api/v1/auth/verify-email/resend | E3: 2
A4: Guest | B4: Login | C4: AUTH-04, AUTH-06, AUTH-07 | D4: POST /api/v1/auth/login POST /api/v1/auth/refresh POST /api/v1/auth/logout | E4: 3
A5: Guest | B5: Login with Google | C5: AUTH-05 | D5: POST /api/v1/auth/google | E5: 1
A6: Guest | B6: Forgot Password | C6: AUTH-08 | D6: POST /api/v1/auth/forgot-password | E6: 1
A7: Guest | B7: Reset Password | C7: AUTH-09 | D7: POST /api/v1/auth/reset-password | E7: 1
A8: Guest | B8: Browse Dish | C8: DISH-01, IMP-01, CAT-02 | D8: GET /api/v1/dishes POST /api/v1/impressions GET /api/v1/tags | E8: 3
A9: Guest | B9: View Dish Detail | C9: DISH-02 | D9: GET /api/v1/dishes/{dishId} | E9: 1
A10: Guest | B10: View Corresponding Restaurant Detail | C10: REST-02, DISH-02 | D10: GET /api/v1/restaurants/{restaurantId} GET /api/v1/dishes/{dishId} | E10: 2
A11: Guest | B11: Browse Restaurant | C11: REST-01 | D11: GET /api/v1/restaurants | E11: 1
A12: Guest | B12: View Restaurant Detail | C12: REST-02, REST-03, REST-04 | D12: GET /api/v1/restaurants/{restaurantId} GET /api/v1/restaurants/{restaurantId}/menu GET /api/v1/restaurants/{restaurantId}/reviews | E12: 3
A13: Guest | B13: View Public Blog | C13: BLOG-01 | D13: GET /api/v1/blogs | E13: 1
... A67: Admin | B67: Manage Permission | C67: ADM-P1, ADM-P2, ADM-P3, ADM-P4 | D67: GET /api/v1/admin/permissions GET /api/v1/admin/mods/{userId}/permissions PUT /api/v1/admin/mods/{userId}/permissions PUT /api/v1/admin/roles/MOD/permissions | E67: 4

Sheet Chi tiết Request-Response
A1: ID | B1: Method | C1: Endpoint | D1: Phần | E1: Trường | F1: Kiểu | G1: Bắt buộc | H1: Mô tả / ràng buộc | I1: Ví dụ
A2: AUTH-01 | B2: POST | C2: /api/v1/auth/register | D2: Request body (application/json) | E2: email | F2: string(email, ≤255) | G2: Có | H2: Email đăng nhập, chưa tồn tại trong users | I2: an.nguyen@gmail.com
E3: password | F3: string(8..64) | G3: Có | H3: Có ít nhất 1 chữ và 1 số; lưu users.password_hash (bcrypt) | I3: MatKhau123
E4: displayName | F4: string(2..100) | G4: Có | H4: users.display_name | I4: Nguyễn An
E5: role | F5: enum | G5: Có | H5: TRAVELER | RESTAURANT_OWNER (không cho tự đăng ký MOD/ADMIN) | I5: TRAVELER
D6: Response 201 Created | E6: userId | F6: int | G6: Có | H6: users.id vừa tạo | I6: 12
E7: email | F7: string | G7: Có | H7: users.email | I7: an.nguyen@gmail.com
E8: role | F8: enum | G8: Có | H8: Role đã gán | I8: TRAVELER
E9: status | F9: enum | G9: Có | H9: Luôn pending_verification; email xác minh đã được gửi | I9: pending_verification
A10: AUTH-02 | B10: POST | C10: /api/v1/auth/verify-email | D10: Request body (application/json) | E10: token | F10: string | G10: Có | H10: Token trong link email (so với user_tokens.token_hash, purpose = email_verify, chưa hết hạn) | I10: x7Kp2mQ9vR...
D11: Response 200 OK | E11: userId | F11: int | G11: Có | H11: users.id | I11: 12
E12: emailVerifiedAt | F12: datetime | G12: Có | H12: users.email_verified_at | I12: 2026-10-02T02:30:00Z
E13: status | F13: enum | G13: Có | H13: Luôn active | I13: active
A14: AUTH-03 | B14: POST | C14: /api/v1/auth/verify-email/resend | D14: Request body (application/json) | E14: email | F14: string(email) | G14: Có | H14: Email cần gửi lại link xác minh | I14: an.nguyen@gmail.com
D15: Response 200 OK | E15: (data = null)
A16: AUTH-04 | B16: POST | C16: /api/v1/auth/login | D16: Request body (application/json) | E16: email | F16: string(email) | G16: Có | H16: Email đăng nhập | I16: an.nguyen@gmail.com
E17: password | F17: string | G17: Có | H17: Mật khẩu | I17: MatKhau123
D18: Response 200 OK | E18: (toàn bộ trường) | F18: @AuthResult | G18: Có | H18: Gồm mọi trường của AuthResult (xem sheet DTO)
A19: AUTH-05 | B19: POST | C19: /api/v1/auth/google | D19: Request body (application/json) | E19: idToken | F19: string | G19: Có | H19: Google ID token lấy từ Google Sign-In ở app | I19: eyJhbGciOiJSUzI1NiIs...
E20: role | F20: enum | G20: Không | H20: TRAVELER | RESTAURANT_OWNER; bắt buộc khi email chưa có tài khoản | I20: TRAVELER
D21: Response 200 OK | E21: (toàn bộ trường) | F21: @AuthResult | G21: Có | H21: Gồm mọi trường của AuthResult (xem sheet DTO)
E22: isNewUser | F22: bool | G22: Có | H22: true nếu vừa tạo tài khoản (app chuyển sang khảo sát nếu Traveler) | I22: true
A23: AUTH-06 | B23: POST | C23: /api/v1/auth/refresh | D23: Request body (application/json) | E23: refreshToken | F23: string | G23: Có | H23: Refresh token hiện tại; sau khi dùng sẽ bị thu hồi và cấp token mới | I23: 3q2+7w8kQ1x...
D24: Response 200 OK | E24: (toàn bộ trường) | F24: @AuthResult | G24: Có | H24: Gồm mọi trường của AuthResult (xem sheet DTO)
A25: AUTH-07 | B25: POST | C25: /api/v1/auth/logout | D25: Request body (application/json) | E25: refreshToken | F25: string | G25: Có | H25: Refresh token của phiên cần đăng xuất (user_sessions.revoked_at = now) | I25: 3q2+7w8kQ1x...
D26: Response 200 OK | E26: (data = null)
A27: AUTH-08 | B27: POST | C27: /api/v1/auth/forgot-password | D27: Request body (application/json) | E27: email | F27: string(email) | G27: Có | H27: Email nhận link đặt lại mật khẩu | I27: an.nguyen@gmail.com
D28: Response 200 OK | E28: (data = null)
A29: AUTH-09 | B29: POST | C29: /api/v1/auth/reset-password | D29: Request body (application/json) | E29: token | F29: string | G29: Có | H29: Token trong link email (user_tokens, purpose = password_reset) | I29: R8sLq0aZ...
E30: newPassword | F30: string(8..64) | G30: Có | H30: Có chữ và số; mọi phiên khác bị thu hồi | I30: MatKhauMoi456
D31: Response 200 OK | E31: (data = null)
A32: ME-01 | B32: GET | C32: /api/v1/me | D32: Response 200 OK | E32: (toàn bộ trường) | F32: @UserProfile | G32: Có | H32: Gồm mọi trường của UserProfile (xem sheet DTO)
A33: ME-02 | B33: PATCH | C33: /api/v1/me | D33: Request body (application/json) | E33: displayName | F33: string(2..100) | G33: Không | H33: users.display_name | I33: An Nguyễn
E34: phone | F34: string(≤20) | null | G34: Không | H34: users.phone; gửi null để xóa | I34: 0905123456
E35: bio | F35: string(≤500) | null | G35: Không | H35: users.bio | I35: Mê ăn bún bò
E36: avatarMediaId | F36: long | null | G36: Không | H36: media_files.id (purpose = avatar) của chính mình; null để xóa ảnh | I36: 9050
D37: Response 200 OK | E37: (toàn bộ trường) | F37: @UserProfile | G37: Có | H37: Gồm mọi trường của UserProfile (xem sheet DTO)
A38: ME-03 | B38: PUT | C38: /api/v1/me/password | D38: Request body (application/json) | E38: currentPassword | F38: string | G38: Không | H38: Bắt buộc nếu tài khoản đã có mật khẩu; bỏ trống khi tài khoản chỉ đăng nhập Google | I38: MatKhau123
E39: newPassword | F39: string(8..64) | G39: Có | H39: Có chữ và số, khác mật khẩu cũ | I39: MatKhauMoi456
D40: Response 200 OK | E40: (data = null)
A41: NOTI-01 | B41: GET | C41: /api/v1/me/notifications | D41: Response 200 OK | E41: items | F41: @Notification[] | G41: Có | H41: Các phần tử của trang hiện tại. Cấu trúc: xem DTO Notification
E42: page | F42: int | G42: Có | H42: Trang hiện tại, bắt đầu từ 1 | I42: 1
E43: pageSize | F43: int | G43: Có | H43: Số phần tử mỗi trang | I43: 20
E44: totalItems | F44: long | G44: Có | H44: Tổng số phần tử thỏa bộ lọc | I44: 57
E45: totalPages | F45: int | G45: Có | H45: Tổng số trang | I45: 3
E46: unreadCount | F46: int | G46: Có | H46: Tổng số thông báo chưa đọc | I46: 4
A47: NOTI-02 | B47: GET | C47: /api/v1/me/notifications/unread-count | D47: Response 200 OK | E47: unreadCount | F47: int | G47: Có | H47: Số thông báo có read_at NULL | I47: 4
A48: NOTI-03 | B48: POST | C48: /api/v1/me/notifications/read | D48: Request body (application/json) | E48: ids | F48: long[] (≤100) | G48: Không | H48: Các notifications.id cần đánh dấu đã đọc | I48: [501, 502]
E49: all | F49: bool | G49: Không | H49: true = đánh dấu tất cả; phải có ids hoặc all = true | I49: false
D50: Response 200 OK | E50: updated | F50: int | G50: Có | H50: Số thông báo vừa chuyển sang đã đọc | I50: 2
A51: MEDIA-01 | B51: POST | C51: /api/v1/media | D51: Request body (multipart/form-data) | E51: file | F51: file | G51: Có | H51: multipart/form-data. Ảnh jpg/png/webp ≤ 5 MB; verification_doc cho phép thêm pdf ≤ 10 MB | I51: (binary)
E52: purpose | F52: enum | G52: Có | H52: avatar | restaurant | dish | blog | review | verification_doc | report_evidence | I52: dish
D53: Response 201 Created | E53: (toàn bộ trường) | F53: @MediaFile | G53: Có | H53: Gồm mọi trường của MediaFile (xem sheet DTO)
A54: CAT-02 | B54: GET | C54: /api/v1/tags | D54: Response 200 OK | E54: (gốc) | F54: @Tag[] | G54: Có | H54: Danh sách tag, sắp theo tagType rồi name. Cấu trúc: xem DTO Tag
A55: HOME-01 | B55: GET | C55: /api/v1/home | D55: Response 200 OK | E55: trendingDishes | F55: @DishCard[] | G55: Có | H55: Món nhiều like trong 7 ngày, thiếu thì bù theo like_count (không qua reco, rank = null). Cấu trúc: xem DTO DishCard
E56: topRestaurants | F56: @RestaurantCard[] | G56: Có | H56: Quán rating cao nhất trong tỉnh. Cấu trúc: xem DTO RestaurantCard
E57: featuredBlogs | F57: @BlogCard[] | G57: Có | H57: Blog đăng trong 30 ngày xếp trước, theo like_count + comment_count; thiếu thì bù blog cũ hơn. Cấu trúc: xem DTO BlogCard
E58: recommended | F58: object | G58: Có | H58: Khối "Gợi ý cho bạn" (qua reco, context = home)
E59: recommended.requestId | F59: uuid | null | G59: Không | H59: request_id của reco; null với Guest hoặc khi reco lỗi | I59: 6f0c2b1e-8d7a-4c1e-9b3f-2a5d7e9c1f00
E60: recommended.items | F60: @DishCard[] | G60: Có | H60: Món đã xếp hạng (rank có giá trị); reco lỗi thì trả theo like_count. Cấu trúc: xem DTO DishCard
A61: DISH-01 | B61: GET | C61: /api/v1/dishes | D61: Response 200 OK | E61: requestId | F61: uuid | null | G61: Không | H61: request_id của lần gọi reco (gửi lại ở IMP-01); null với Guest | I61: 6f0c2b1e-8d7a-4c1e-9b3f-2a5d7e9c1f00
E62: items | F62: @DishCard[] | G62: Có | H62: Món trang hiện tại, đã xếp hạng. Cấu trúc: xem DTO DishCard
E63: nextCursor | F63: string | null | G63: Không | H63: Gửi lại ở lần gọi sau để lấy trang tiếp; null = hết | I63: eyJyIjoiNmYwYyIsIm8iOjIwfQ
A64: DISH-02 | B64: GET | C64: /api/v1/dishes/{dishId} | D64: Response 200 OK | E64: (toàn bộ trường) | F64: @DishDetail | G64: Có | H64: Gồm mọi trường của DishDetail (xem sheet DTO)
A65: DISH-03 | B65: POST | C65: /api/v1/dishes/roll | D65: Request body (application/json) | E65: province | F65: string | G65: Không | H65: Tên tỉnh, khớp restaurants.province_name | I65: Thành phố Đà Nẵng
E66: tagIds | F66: smallint[] | G66: Không | H66: Món phải có ít nhất 1 tag trong danh sách | I66: [9]
E67: excludeTagIds | F67: smallint[] | G67: Không | H67: Loại món có bất kỳ tag nào trong danh sách | I67: [12]
E68: mealTime | F68: enum | G68: Không | H68: breakfast | lunch | dinner | snack (lọc theo tag meal_time) | I68: breakfast
E69: maxPrice | F69: decimal | G69: Không | H69: Giá tối đa (VND) | I69: 60000
E70: excludeDishIds | F70: int[] (≤50) | G70: Không | H70: Món đã roll trước đó trong phiên, để không lặp | I70: [88, 91]
E71: latitude | F71: decimal(-90..90) | G71: Không | H71: Vị trí GPS hiện tại hoặc điểm chấm trên bản đồ | I71: 16.067812
E72: longitude | F72: decimal(-180..180) | G72: Không | H72: Gửi cùng latitude | I72: 108.220116
E73: radiusKm | F73: decimal(0.5..50) | G73: Không | H73: Chỉ roll món của quán trong bán kính; mặc định 3 khi có tọa độ | I73: 3
D74: Response 200 OK | E74: rollId | F74: long | G74: Có | H74: dish_rolls.id | I74: 4410
E75: requestId | F75: uuid | null | G75: Không | H75: request_id của reco (context = roll); null khi reco lỗi (roll vẫn chạy, không gửi RECO-06) | I75: 6f0c2b1e-8d7a-4c1e-9b3f-2a5d7e9c1f00
E76: dish | F76: @DishDetail | G76: Có | H76: Món được chọn ngẫu nhiên có trọng số trong top-K. Cấu trúc: xem DTO DishDetail
A77: REST-01 | B77: GET | C77: /api/v1/restaurants | D77: Response 200 OK | E77: items | F77: @RestaurantCard[] | G77: Có | H77: Các phần tử của trang hiện tại. Cấu trúc: xem DTO RestaurantCard
E78: page | F78: int | G78: Có | H78: Trang hiện tại, bắt đầu từ 1 | I78: 1
E79: pageSize | F79: int | G79: Có | H79: Số phần tử mỗi trang | I79: 20
E80: totalItems | F80: long | G80: Có | H80: Tổng số phần tử thỏa bộ lọc | I80: 57
E81: totalPages | F81: int | G81: Có | H81: Tổng số trang | I81: 3
A82: REST-02 | B82: GET | C82: /api/v1/restaurants/{restaurantId} | D82: Response 200 OK | E82: (toàn bộ trường) | F82: @RestaurantDetail | G82: Có | H82: Gồm mọi trường của RestaurantDetail (xem sheet DTO)
A83: REST-03 | B83: GET | C83: /api/v1/restaurants/{restaurantId}/menu | D83: Response 200 OK | E83: restaurantId | F83: long | G83: Có | H83: restaurants.id | I83: 7
E84: dishes | F84: @DishCard[] | G84: Có | H84: Món status = active, xếp theo dishes.sort_order; rank = null. Cấu trúc: xem DTO DishCard
A85: REST-04 | B85: GET | C85: /api/v1/restaurants/{restaurantId}/reviews | D85: Response 200 OK | E85: items | F85: @Review[] | G85: Có | H85: Các phần tử của trang hiện tại. Cấu trúc: xem DTO Review
E86: page | F86: int | G86: Có | H86: Trang hiện tại, bắt đầu từ 1 | I86: 1
E87: pageSize | F87: int | G87: Có | H87: Số phần tử mỗi trang | I87: 20
E88: totalItems | F88: long | G88: Có | H88: Tổng số phần tử thỏa bộ lọc | I88: 57
E89: totalPages | F89: int | G89: Có | H89: Tổng số trang | I89: 3
E90: ratingAvg | F90: decimal | G90: Có | H90: restaurants.rating_avg | I90: 4.6
E91: ratingCount | F91: int | G91: Có | H91: restaurants.rating_count | I91: 213
E92: ratingBreakdown | F92: object | G92: Có | H92: Số review theo sao, khóa "1".."5" | I92: {"1": 3, "2": 5, "3": 12, "4": 60, "5": 133}
A93: REV-01 | B93: POST | C93: /api/v1/restaurants/{restaurantId}/reviews | D93: Request body (application/json) | E93: rating | F93: smallint | G93: Có | H93: 1..5 | I93: 5
E94: content | F94: string(≤2000) | G94: Không | H94: Nội dung đánh giá | I94: Nước dùng đậm đà, giá hợp lý
E95: imageMediaIds | F95: long[] (≤5) | G95: Không | H95: media_files.id (purpose = review) của chính mình | I95: [9201]
E96: roadmapItemId | F96: long | G96: Không | H96: Item roadmap của tôi có món thuộc quán này | I96: 1502
D97: Response 201 Created | E97: (toàn bộ trường) | F97: @Review | G97: Có | H97: Gồm mọi trường của Review (xem sheet DTO)
A98: REP-01 | B98: POST | C98: /api/v1/restaurants/{restaurantId}/reports | D98: Request body (application/json) | E98: reasonCode | F98: enum | G98: Có | H98: wrong_info | closed | spam | offensive | hygiene | scam | other | I98: hygiene
E99: description | F99: string(≤1000) | G99: Không | H99: Bắt buộc khi reasonCode = other | I99: Bát đũa không sạch
E100: evidenceMediaIds | F100: long[] (≤5) | G100: Không | H100: media_files.id (purpose = report_evidence) | I100: [9301]
...

Sheet JSON mẫu
A1: ID | B1: Endpoint | C1: Phần | D1: JSON
A2: ERR | B2: (mọi endpoint) | C2: Response 400 Bad Request (lỗi validation) | D2: {
D3: "success": false,
D4: "message": "Dữ liệu không hợp lệ.",
D5: "errorCode": "VALIDATION_FAILED",
D6: "data": null,
D7: "errors": {
D8: "email": ["Email không đúng định dạng."],
D9: "password": ["Mật khẩu phải có 8-64 ký tự."]
D10: }
D11: }
C12: Response 409 Conflict (lỗi nghiệp vụ) | D12: {
D13: "success": false,
D14: "message": "Bạn đã đánh giá nhà hàng này.",
D15: "errorCode": "REVIEW_ALREADY_EXISTS",
D16: "data": null
D17: }
A18: AUTH-01 | B18: POST /api/v1/auth/register | C18: Request body | D18: {
D19: "email": "an.nguyen@gmail.com",
D20: "password": "MatKhau123",
D21: "displayName": "Nguyễn An",
D22: "role": "TRAVELER"
D23: }
C24: Response 201 Created | D24: {
D25: "success": true,
D26: "message": null,
D27: "errorCode": null,
D28: "data": {
D29: "userId": 12,
D30: "email": "an.nguyen@gmail.com",
D31: "role": "TRAVELER",
D32: "status": "pending_verification"
D33: }
D34: }
A35: AUTH-02 | B35: POST /api/v1/auth/verify-email | C35: Request body | D35: {
D36: "token": "x7Kp2mQ9vR..."
D37: }
C38: Response 200 OK | D38: {
D39: "success": true,
D40: "message": null,
D41: "errorCode": null,
D42: "data": {
D43: "userId": 12,
D44: "emailVerifiedAt": "2026-10-02T02:30:00Z",
D45: "status": "active"
D46: }
D47: }
A48: AUTH-03 | B48: POST /api/v1/auth/verify-email/resend | C48: Request body | D48: {
D49: "email": "an.nguyen@gmail.com"
D50: }
C51: Response 200 OK | D51: {
D52: "success": true,
D53: "message": null,
D54: "errorCode": null,
D55: "data": null
D56: }
A57: AUTH-04 | B57: POST /api/v1/auth/login | C57: Request body | D57: {
D58: "email": "an.nguyen@gmail.com",
D59: "password": "MatKhau123"
D60: }
C61: Response 200 OK | D61: {
D62: "success": true,
D63: "message": null,
D64: "errorCode": null,
D65: "data": {
D66: "accessToken": "eyJhbGciOiJIUzI1NiIs...",
D67: "accessTokenExpiresAt": "2026-10-02T08:15:00Z",
D68: "refreshToken": "3q2+7w8kQ1x...",
D69: "refreshTokenExpiresAt": "2026-11-01T08:00:00Z",
D70: "user": {
D71: "id": 12,
D72: "email": "an.nguyen@gmail.com",
D73: "displayName": "Nguyễn An",
... D80: }
A81: AUTH-05 | B81: POST /api/v1/auth/google | C81: Request body | D81: {
D82: "idToken": "eyJhbGciOiJSUzI1NiIs...",
D83: "role": "TRAVELER"
D84: }
C85: Response 200 OK | D85: {
D86: "success": true,
D87: "message": null,
D88: "errorCode": null,
D89: "data": {
D90: "accessToken": "eyJhbGciOiJIUzI1NiIs...",
D91: "accessTokenExpiresAt": "2026-10-02T08:15:00Z",
D92: "refreshToken": "3q2+7w8kQ1x...",
D93: "refreshTokenExpiresAt": "2026-11-01T08:00:00Z",
D94: "user": {
D95: "id": 12,
D96: "email": "an.nguyen@gmail.com",
D97: "displayName": "Nguyễn An",
... D105: }
A106: AUTH-06 | B106: POST /api/v1/auth/refresh | C106: Request body | D106: {
D107: "refreshToken": "3q2+7w8kQ1x..."
D108: }
C109: Response 200 OK | D109: {
D110: "success": true,
D111: "message": null,
D112: "errorCode": null,
D113: "data": {
...

Sheet DTO
A1: DTO | B1: Mục đích | C1: Trường | D1: Kiểu | E1: Bắt buộc | F1: Mô tả | G1: Ví dụ
A2: ApiResponse<T> | B2: Khung bọc của mọi response backend, thành công và lỗi (coding_rule.md, mục Responses). | C2: success | D2: bool | E2: Có | F2: true nếu xử lý thành công | G2: true
C3: message | D3: string | null | E3: Không | F3: Câu thông báo cho người dùng; thường null khi thành công | G3: Bạn đã đánh giá nhà hàng này
C4: errorCode | D4: string | null | E4: Không | F4: Mã lỗi khi success = false, xem sheet Mã lỗi; null khi thành công | G4: REVIEW_ALREADY_EXISTS
C5: data | D5: T | null | E5: Không | F5: Nội dung response như mô tả ở từng endpoint; null khi lỗi hoặc endpoint không trả dữ liệu | G5: { ... }
C6: errors | D6: object | E6: Không | F6: Chỉ có khi errorCode = VALIDATION_FAILED: tên trường → danh sách lỗi | G6: {"rating": ["Giá trị phải từ 1 đến 5"]}
A7: UserSummary | B7: Thông tin rút gọn của một người dùng, dùng lồng trong object khác. | C7: id | D7: int | E7: Có | F7: users.id | G7: 12
C8: displayName | D8: string | E8: Có | F8: users.display_name | G8: Nguyễn An
C9: avatarUrl | D9: string | null | E9: Không | F9: media_files.url (users.avatar_media_id) | G9: https://cdn.angi.vn/avatars/12.jpg
A10: AuthResult | B10: Kết quả đăng nhập / làm mới token. | C10: accessToken | D10: string | E10: Có | F10: JWT, hạn 15 phút | G10: eyJhbGciOiJIUzI1NiIs...
C11: accessTokenExpiresAt | D11: datetime | E11: Có | F11: Thời điểm hết hạn access token (UTC) | G11: 2026-10-02T08:15:00Z
C12: refreshToken | D12: string | E12: Có | F12: Chuỗi ngẫu nhiên, hạn 30 ngày; DB chỉ lưu hash (user_sessions.refresh_token_hash) | G12: 3q2+7w8kQ1x...
C13: refreshTokenExpiresAt | D13: datetime | E13: Có | F13: user_sessions.expires_at | G13: 2026-11-01T08:00:00Z
C14: user | D14: object | E14: Có | F14: Thông tin người đăng nhập
C15: user.id | D15: int | E15: Có | F15: users.id | G15: 12
C16: user.email | D16: string | E16: Có | F16: users.email | G16: an.nguyen@gmail.com
C17: user.displayName | D17: string | E17: Có | F17: users.display_name | G17: Nguyễn An
C18: user.avatarUrl | D18: string | null | E18: Không | F18: media_files.url (users.avatar_media_id) | G18: null
C19: user.role | D19: enum | E19: Có | F19: TRAVELER | RESTAURANT_OWNER | MOD | ADMIN (roles.code) | G19: TRAVELER
C20: user.status | D20: enum | E20: Có | F20: users.status | G20: active
C21: user.needsPreferenceSurvey | D21: bool | null | E21: Có | F21: Chỉ với TRAVELER: true nếu reco chưa có survey_at; null nếu reco lỗi hoặc không phải Traveler | G21: true
A22: UserProfile | B22: Hồ sơ của người đang đăng nhập. | C22: id | D22: int | E22: Có | F22: users.id | G22: 12
C23: email | D23: string | E23: Có | F23: users.email | G23: an.nguyen@gmail.com
C24: role | D24: enum | E24: Có | F24: TRAVELER | RESTAURANT_OWNER | MOD | ADMIN | G24: TRAVELER
C25: displayName | D25: string | E25: Có | F25: users.display_name | G25: Nguyễn An
C26: avatarUrl | D26: string | null | E26: Không | F26: media_files.url (users.avatar_media_id) | G26: https://cdn.angi.vn/avatars/12.jpg
C27: phone | D27: string | null | E27: Không | F27: users.phone | G27: 0905123456
C28: bio | D28: string | null | E28: Không | F28: users.bio | G28: Mê ăn bún bò
C29: status | D29: enum | E29: Có | F29: users.status | G29: active
C30: emailVerified | D30: bool | E30: Có | F30: users.email_verified_at khác NULL | G30: true
C31: hasPassword | D31: bool | E31: Có | F31: users.password_hash khác NULL | G31: true
C32: linkedProviders | D32: string[] | E32: Có | F32: user_external_logins.provider | G32: ["google"]
C33: preferenceStatus | D33: enum | null | E33: Có | F33: completed | skipped | null (lấy từ reco RECO-09; chỉ Traveler) | G33: completed
C34: restaurantId | D34: long | null | E34: Không | F34: Chỉ Owner: restaurants.id của quán mình | G34: null
... C36: createdAt | D36: datetime | E36: Có | F36: users.created_at | G36: 2026-09-20T03:00:00Z
A37: AdminUserCard | B37: Tài khoản người dùng ở màn Mod/Admin. | C37: id | D37: int | E37: Có | F37: users.id | G37: 12
C38: email | D38: string | E38: Có | F38: users.email | G38: an.nguyen@gmail.com
C39: displayName | D39: string | E39: Có | F39: users.display_name | G39: Nguyễn An
C40: avatarUrl | D40: string | null | E40: Không | F40: media_files.url (users.avatar_media_id) | G40: null
C41: role | D41: enum | E41: Có | F41: roles.code | G41: TRAVELER
C42: status | D42: enum | E42: Có | F42: users.status | G42: active
C43: suspendedUntil | D43: datetime | null | E43: Không | F43: users.suspended_until | G43: null
C44: lastLoginAt | D44: datetime | null | E44: Không | F44: users.last_login_at | G44: 2026-10-01T12:30:00Z
C45: createdAt | D45: datetime | E45: Có | F45: users.created_at | G45: 2026-09-20T03:00:00Z
A46: Sanction | B46: Một lần cảnh cáo / tạm khóa / cấm (user_sanctions). | C46: id | D46: long | E46: Có | F46: user_sanctions.id | G46: 31
C47: type | D47: enum | E47: Có | F47: warn | suspend | ban | G47: suspend
C48: reason | D48: string | E48: Có | F48: user_sanctions.reason | G48: Spam bình luận quảng cáo
C49: reportId | D49: long | null | E49: Không | F49: Báo cáo dẫn tới xử phạt | G49: 88
C50: issuedBy | D50: @UserSummary | E50: Có | F50: Mod xử lý (issued_by). Cấu trúc: xem DTO UserSummary
C51: startsAt | D51: datetime | E51: Có | F51: user_sanctions.starts_at | G51: 2026-10-02T08:00:00Z
C52: endsAt | D52: datetime | null | E52: Không | F52: Có với suspend; NULL với warn/ban | G52: 2026-10-09T08:00:00Z
C53: liftedAt | D53: datetime | null | E53: Không | F53: Thời điểm gỡ (Unban) | G53: null
C54: liftedBy | D54: @UserSummary|null | E54: Không | F54: Mod gỡ. Cấu trúc: xem DTO UserSummary | G54: null
C55: liftReason | D55: string | null | E55: Không | F55: Lý do gỡ | G55: null
A56: Notification | B56: Thông báo (notifications). | C56: id | D56: long | E56: Có | F56: notifications.id | G56: 501
C57: type | D57: string | E57: Có | F57: Loại thông báo, vd VERIFICATION_APPROVED, MENU_REJECTED, BLOG_COMMENTED, REVIEW_REPLIED, ROADMAP_GENERATED, REPORT_RESOLVED | G57: BLOG_COMMENTED
C58: title | D58: string | E58: Có | F58: notifications.title | G58: Có bình luận mới
C59: body | D59: string | null | E59: Không | F59: notifications.body | G59: Bình viết: "Quán này ngon thật!"
C60: data | D60: object | E60: Có | F60: Dữ liệu để điều hướng (notifications.data) | G60: {"blogId": 45, "commentId": 302}
C61: readAt | D61: datetime | null | E61: Không | F61: NULL = chưa đọc | G61: null
C62: createdAt | D62: datetime | E62: Có | F62: notifications.created_at | G62: 2026-10-02T07:10:00Z
A63: Tag | B63: Tag của món (tags). | C63: id | D63: smallint | E63: Có | F63: tags.id | G63: 2
C64: tagType | D64: enum | E64: Có | F64: meal_time | dietary | category | G64: meal_time
C65: code | D65: string | E65: Có | F65: tags.code | G65: lunch
C66: name | D66: string | E66: Có | F66: tags.name | G66: Bữa trưa
A67: RestaurantMini | B67: Nhà hàng rút gọn, lồng trong DishCard. | C67: id | D67: long | E67: Có | F67: restaurants.id | G67: 7
C68: name | D68: string | E68: Có | F68: restaurants.name | G68: Bún Bò Bà Diệu
C69: provinceName | D69: string | null | E69: Không | F69: restaurants.province_name | G69: Thành phố Đà Nẵng
C70: latitude | D70: decimal | null | E70: Không | F70: restaurants.latitude | G70: 16.067812
C71: longitude | D71: decimal | null | E71: Không | F71: restaurants.longitude | G71: 108.220116
C72: ratingAvg | D72: decimal | E72: Có | F72: restaurants.rating_avg | G72: 4.6
A73: DishCard | B73: Món ăn ở dạng thẻ trong danh sách. | C73: id | D73: int | E73: Có | F73: dishes.id (= dish_id bên reco) | G73: 105
C74: name | D74: string | E74: Có | F74: dishes.name | G74: Bún bò Huế
C75: price | D75: decimal | E75: Có | F75: dishes.price (VND) | G75: 45000
C76: coverUrl | D76: string | null | E76: Không | F76: media_files.url của dishes.cover_media_id | G76: https://cdn.angi.vn/dishes/105.jpg
C77: dishForm | D77: enum | E77: Có | F77: soup | dry | other | G77: soup
C78: isAvailable | D78: bool | E78: Có | F78: dishes.is_available | G78: true
C79: likeCount | D79: int | E79: Có | F79: dishes.like_count (chỉ hiển thị) | G79: 128
C80: dislikeCount | D80: int | E80: Có | F80: dishes.dislike_count (chỉ hiển thị) | G80: 9
C81: tags | D81: @Tag[] | E81: Có | F81: Tag của món (dish_tags). Cấu trúc: xem DTO Tag
C82: restaurant | D82: @RestaurantMini | E82: Có | F82: Quán bán món. Cấu trúc: xem DTO RestaurantMini
C83: rank | D83: int | null | E83: Không | F83: Thứ hạng reco trả về; null khi danh sách không qua reco | G83: 1
A84: DishDetail | B84: Chi tiết món ăn. | C84: (toàn bộ trường) | D84: @DishCard | E84: Có | F84: Gồm mọi trường của DishCard (xem sheet DTO)
C85: description | D85: string | null | E85: Không | F85: dishes.description | G85: Nước dùng hầm xương 8 tiếng, sả và mắm ruốc
C86: images | D86: string[] | E86: Có | F86: URL ảnh (dish_images) | G86: ["https://cdn.angi.vn/dishes/105-1.jpg"]
C87: status | D87: enum | E87: Có | F87: active | hidden | removed (khác active chỉ khi mở từ roadmap item) | G87: active
C88: restaurant | D88: @RestaurantCard | E88: Có | F88: Quán bán món (đầy đủ hơn DishCard). Cấu trúc: xem DTO RestaurantCard
A89: BusinessHour | B89: Một khung giờ mở cửa (restaurant_business_hours). | C89: dayOfWeek | D89: smallint | E89: Có | F89: 0 = Chủ nhật ... 6 = Thứ bảy | G89: 1
C90: openTime | D90: string | E90: Có | F90: "HH:mm" giờ Việt Nam | G90: 06:00
C91: closeTime | D91: string | E91: Có | F91: "HH:mm"; nhỏ hơn openTime = mở qua nửa đêm | G91: 13:30
A92: RestaurantCard | B92: Nhà hàng ở dạng thẻ trong danh sách. | C92: id | D92: long | E92: Có | F92: restaurants.id | G92: 7
C93: name | D93: string | E93: Có | F93: restaurants.name | G93: Bún Bò Bà Diệu
C94: slug | D94: string | E94: Có | F94: restaurants.slug | G94: bun-bo-ba-dieu
C95: coverUrl | D95: string | null | E95: Không | F95: media_files.url của cover_media_id | G95: https://cdn.angi.vn/restaurants/7.jpg
C96: addressLine | D96: string | E96: Có | F96: restaurants.address_line | G96: 12 Lê Duẩn
C97: provinceName | D97: string | null | E97: Không | F97: restaurants.province_name (tên theo provinces.open-api.vn) | G97: Thành phố Đà Nẵng
C98: latitude | D98: decimal | null | E98: Không | F98: restaurants.latitude | G98: 16.067812
C99: longitude | D99: decimal | null | E99: Không | F99: restaurants.longitude | G99: 108.220116
C100: priceLevel | D100: smallint | null | E100: Không | F100: 1..4 | G100: 1
C101: ratingAvg | D101: decimal | E101: Có | F101: restaurants.rating_avg | G101: 4.6
...

Sheet Mã lỗi
A1: HTTP | B1: errorCode | C1: Ý nghĩa
A2: 400 | B2: BAD_REQUEST | C2: JSON sai cú pháp, thiếu header bắt buộc
A3: 400 | B3: TOKEN_INVALID | C3: Token xác minh email / reset password không đúng
A4: 400 | B4: WRONG_CURRENT_PASSWORD | C4: Mật khẩu hiện tại sai khi đổi mật khẩu
A5: 400 | B5: INVALID_CURSOR | C5: Cursor phân trang sai hoặc đã hết hạn
A6: 400 | B6: UNKNOWN_OPTION_CODE | C6: Mã option khảo sát không có trong survey_option_vectors
A7: 400 | B7: TOKEN_EXPIRED | C7: Token hết hạn
A8: 400 | B8: FILE_TOO_LARGE | C8: File vượt giới hạn
A9: 400 | B9: UNSUPPORTED_MEDIA_TYPE | C9: Định dạng file không hỗ trợ
A10: 400 | B10: VALIDATION_FAILED | C10: Dữ liệu không hợp lệ; chi tiết theo từng trường trong errors
A11: 400 | B11: ROLE_REQUIRED | C11: Đăng nhập Google lần đầu mà thiếu role
A12: 400 | B12: DISH_NOT_AVAILABLE | C12: Món không còn bán, hết món, hoặc quán không hiển thị
A13: 400 | B13: MENU_EMPTY / MENU_UNCHANGED | C13: Bản menu rỗng hoặc không có thay đổi
... A54: 503 | B54: SERVICE_UNAVAILABLE | C54: Phụ thuộc bên ngoài lỗi (reco, email, storage)

Sheet Enum
A1: Trường | B1: Giá trị | C1: Ghi chú
A2: Role | B2: TRAVELER, RESTAURANT_OWNER, MOD, ADMIN | C2: 1 role / tài khoản
A3: users.status | B3: pending_verification, active, suspended, banned, deactivated
A4: restaurants.verificationStatus | B4: unverified, pending, verified, rejected | C4: Chỉ verified mới hiển thị
A5: restaurants.operatingStatus | B5: open, temporarily_closed, permanently_closed | C5: Owner tự đổi
A6: restaurants.moderationStatus | B6: visible, hidden, suspended | C6: Mod đổi
A7: restaurant_verifications.status | B7: pending, approved, rejected, needs_more_info, cancelled
A8: docType | B8: business_license, food_safety_cert, id_card, storefront_photo, other
A9: dishes.status | B9: active, hidden, removed | C9: removed: bị gỡ khi duyệt menu; hidden: Mod ẩn
A10: dishForm | B10: soup, dry, other
A11: menu_submissions.status | B11: draft, pending, approved, rejected, cancelled
A12: tagType | B12: meal_time, dietary, category | C12: Ver1.1 bỏ allergen
A13: mealSlot | B13: breakfast, lunch, dinner, snack, late_night
A14: roadmap_items.source | B14: manual, ai
A15: generation job scope / status | B15: full, day, slot / queued, running, succeeded, failed
A16: feedback value | B16: like, dislike | C16: DB lưu 1 / -1
A17: blogs.status | B17: published, hidden, removed | C17: hidden/removed do Mod
A18: review, reply, comment status | B18: visible, hidden, removed
A19: reports.targetType | B19: restaurant, blog | C19: Không report comment (nhóm chốt 02/10)
A20: reports.reasonCode | B20: wrong_info, closed, spam, offensive, hygiene, scam, other
A21: reports.status | B21: pending, in_review, resolved, dismissed
A22: resolutionAction | B22: none, hide_blog, remove_blog, warn_user, suspend_user, ban_user, hide_restaurant, suspend_restaurant
A23: sanction type | B23: warn, suspend, ban
A24: permission code | B24: USER_VIEW_AUDIT, USER_SUSPEND, USER_BAN, RESTAURANT_VERIFY, RESTAURANT_MODERATE, MENU_APPROVE, REPORT_RESTAURANT_HANDLE, REPORT_SOCIAL_HANDLE, BLOG_MODERATE, REVIEW_MODERATE, MOD_MANAGE, SYSTEM_AUDIT_VIEW, DASHBOARD_VIEW | C24: Mod mặc định có tất cả trừ 3 quyền cuối
A25: reco context | B25: list, home, roll, roadmap_manual, roadmap_ai
A26: outbox eventType | B26: DISH_UPSERTED, DISH_DEACTIVATED, FEEDBACK_CREATED | C26: Khảo sát gọi reco trực tiếp, không qua outbox
A27: roadmaps.originMode | B27: none, pinned, gps | C27: none: chỉ chọn tỉnh; pinned: lưu tọa độ đã chấm; gps: app gửi tọa độ mỗi lần gọi
A28: route profile (RM-14) | B28: driving, walking, cycling | C28: Theo profile của Mapbox Directions; mặc định driving
A29: outbox_messages.status | B29: pending, processing, done, dead | C29: dead: lỗi 4xx hoặc quá số lần thử; Admin đưa lại pending ở OPS-02
A30: user_permissions.effect | B30: allow, deny | C30: Ghi đè quyền mặc định của role cho từng Mod
A31: user_tokens.purpose | B31: email_verify, password_reset
A32: user_external_logins.provider | B32: google
A33: dish_vectors.status (reco) | B33: pending, ready, failed | C33: ready mới có vec; pending / failed được vòng lặp nền 5 phút sinh lại
A34: audit_logs.action | B34: USER_REGISTERED, USER_LOGIN, PASSWORD_RESET, PROFILE_UPDATED, PASSWORD_CHANGED, RESTAURANT_UPDATED, RESTAURANT_OPERATING_STATUS_CHANGED, USER_WARNED, USER_SUSPENDED, USER_BANNED, USER_UNBANNED, RESTAURANT_HIDDEN, RESTAURANT_SUSPENDED, RESTAURANT_SHOWN, RESTAURANT_VERIFIED, RESTAURANT_VERIFICATION_REJECTED, MENU_APPROVED, MENU_REJECTED, REPORT_RESOLVED, BLOG_HIDDEN, BLOG_REMOVED, BLOG_RESTORED, COMMENT_HIDDEN, COMMENT_REMOVED, COMMENT_RESTORED, REVIEW_HIDDEN, REVIEW_REMOVED, REVIEW_RESTORED, REVIEW_REPLY_HIDDEN, REVIEW_REPLY_REMOVED, REVIEW_REPLY_RESTORED, MOD_CREATED, MOD_UPDATED, MOD_PERMISSIONS_CHANGED, ROLE_PERMISSIONS_CHANGED | C34: Đặt theo kết quả để MOD-U5 / ADM-A1 lọc được; action của từng endpoint ghi ở cột Bảng DB của sheet Backend API. old_values / new_values chỉ chứa cột thay đổi (key snake_case, enum snake_case); lý do của Mod nằm ở new_values.reason; không ghi mật khẩu, hash, token.
A35: audit_logs.entityType | B35: user, restaurant, menu_submission, report, blog, blog_comment, review, review_reply, role | C35: entity_id là id của đối tượng đó (role: roles.id)
